entity1,entity2,answer,question
Abbott Elementary,Brittani Nichols,"Student Transfer, Ava vs. Superintendent",Which episode of Abbott Elementary was written by Brittani Nichols?
Abbott Elementary,Morgan Murphy,"Wishlist, Desking",Which episode of Abbott Elementary was written by Morgan Murphy?
Abbott Elementary,Quinta Brunson,"Light Bulb, Pilot",Which episode of Abbott Elementary was written by Quinta Brunson?
Affiliated High School of National Chengchi University,,Justin Wu,Which United States politician was educated at Affiliated High School of National Chengchi University
Alfred Edward Green,Alfred Drake,Tars and Spars,Which movie directed by Alfred Edward Green features Alfred Drake?
All in the Family,Bob Schiller,"Edith's 50th Birthday: Part 1, Edith's 50th Birthday: Part 2, Edith's 50th Birthday",Which episode of All in the Family was written by Bob Schiller?
All in the Family,Bob Weiskopf,"Edith's 50th Birthday: Part 1, Edith's 50th Birthday: Part 2, Edith's 50th Birthday",Which episode of All in the Family was written by Bob Weiskopf?
All in the Family,Norman Lear,The 200th Episode Celebration of All in the Family,Which episode of All in the Family was written by Norman Lear?
All in the Family,Rod Parker,Archie Is Jealous,Which episode of All in the Family was written by Rod Parker?
Allan Dwan,Carol Adams,The Three Musketeers,Which movie directed by Allan Dwan features Carol Adams?
Allan Dwan,Gordon Thorpe,The Iron Mask,Which movie directed by Allan Dwan features Gordon Thorpe?
Allan Dwan,Jack Evans,The Hidden Woman,Which movie directed by Allan Dwan features Jack Evans?
Allan Dwan,Mickey Mouse,Hollywood Party,Which movie directed by Allan Dwan features Mickey Mouse?
Anna-Jonesboro Community High School,,Clyde L. Choate,Which United States politician was educated at Anna-Jonesboro Community High School
August Blom,Oscar Langkilde,Hamlet,Which movie directed by August Blom features Oscar Langkilde?
Avery County High School,,Dudley Greene,Which United States politician was educated at Avery County High School
B. Reeves Eason,Jimsy Maye,Two Kinds of Love,Which movie directed by B. Reeves Eason features Jimsy Maye?
B. Reeves Eason,Ted Brooks,Two Kinds of Love,Which movie directed by B. Reeves Eason features Ted Brooks?
Benton Community High School,,Thomas Gerhold,Which United States politician was educated at Benton Community High School
Bewitched,Sol Saks,"I, Darrin, Take This Witch, Samantha",Which episode of Bewitched was written by Sol Saks?
Biggs High School,,Doug LaMalfa,Which United States politician was educated at Biggs High School
Boonshoft School of Medicine,,Mark Green,Which United States politician was educated at Boonshoft School of Medicine
Boyden–Hull Junior/Senior High School,,"Dwayne Alons, Kenneth De Groot",Which United States politician was educated at Boyden–Hull Junior/Senior High School
Breaking Bad,J. Roberts,"Peekaboo, Seven Thirty-Seven",Which episode of Breaking Bad was written by J. Roberts?
Breaking Bad,Patty Lin,Gray Matter,Which episode of Breaking Bad was written by Patty Lin?
Brigham Young Academy,,Amy B. Lyman,Which United States politician was educated at Brigham Young Academy
Brinkley High School,,Sheffield Nelson,Which United States politician was educated at Brinkley High School
Brookside High School,,Gayle Manning,Which United States politician was educated at Brookside High School
Burlingame High School,,Ron Thornburgh,Which United States politician was educated at Burlingame High School
Burton L. King,Al Hart,Why Women Sin,Which movie directed by Burton L. King features Al Hart?
Burton L. King,Baby Ivy Ward,Why Women Sin,Which movie directed by Burton L. King features Baby Ivy Ward?
Burton L. King,Faire Binney,The Man Without a Heart,Which movie directed by Burton L. King features Faire Binney?
Burton L. King,Robyn Adair,The Purchase Price,Which movie directed by Burton L. King features Robyn Adair?
Burton L. King,Seymour Zeliff,Out of the Flames,Which movie directed by Burton L. King features Seymour Zeliff?
C. J. Williams,Bliss Milford,Ludwig from Germany,Which movie directed by C. J. Williams features Bliss Milford?
CHiPs,Arthur Marks,The Volunteers,Which episode of CHiPs was written by Arthur Marks?
CHiPs,Burton Armus,One Two Many,Which episode of CHiPs was written by Burton Armus?
CHiPs,Christian I. Nyby II,Aweigh We Go,Which episode of CHiPs was written by Christian I. Nyby II?
CHiPs,Jim Carlson,Cry Wolf,Which episode of CHiPs was written by Jim Carlson?
CHiPs,Max Hodge,"Tow Truck Lady, Disaster Squad",Which episode of CHiPs was written by Max Hodge?
CHiPs,Rod Baker,Rainy Day,Which episode of CHiPs was written by Rod Baker?
CHiPs,Terence Tunberg,Hitch-Hiking Hitch,Which episode of CHiPs was written by Terence Tunberg?
California Labor School,,Maya Angelou,Which United States politician was educated at California Labor School
California State University Long Beach College of Education,,Robert Garcia,Which United States politician was educated at California State University Long Beach College of Education
Cannon,Collier Young,Arena of Fear,Which episode of Cannon was written by Collier Young?
Cannon,Del Reisman,The Endangered Species,Which episode of Cannon was written by Del Reisman?
Cannon,Jack Turley,"A Lonely Place to Die, Hounds of Hell",Which episode of Cannon was written by Jack Turley?
Cannon,Max Hodge,Lady in Red,Which episode of Cannon was written by Max Hodge?
Cannon,Norman Lessing,"The Melted Man, The Wrong Medicine",Which episode of Cannon was written by Norman Lessing?
Cannon,Richard L. Landau,Man in the Middle,Which episode of Cannon was written by Richard L. Landau?
Cannon,Richard L. Newhafer,The Stalker,Which episode of Cannon was written by Richard L. Newhafer?
Cannon,Worley Thorne,"The Cure That Kills, Moving Target",Which episode of Cannon was written by Worley Thorne?
Canutillo High School,,Silvestre Reyes,Which United States politician was educated at Canutillo High School
Carolina College of Biblical Studies,,Sheri Biggs,Which United States politician was educated at Carolina College of Biblical Studies
Cecil Hepworth,David Devant,The Egg-Laying Man,Which movie directed by Cecil Hepworth features David Devant?
Chano Urueta,Luis Aguilar,La marca de Satanás,Which movie directed by Chano Urueta features Luis Aguilar?
Chano Urueta,Mariachi Vargas de Tecalitlán,Serenata en México,Which movie directed by Chano Urueta features Mariachi Vargas de Tecalitlán?
Charles Lamont,Meg Randall,Ma and Pa Kettle,Which movie directed by Charles Lamont features Meg Randall?
Cheraw High School,,James Spruill Jr.,Which United States politician was educated at Cheraw High School
Chipley High School,,Ralph C. Carter,Which United States politician was educated at Chipley High School
Christian County High School,,John Tilley,Which United States politician was educated at Christian County High School
Christy Cabanne,Charles Wingate,What's a Wife Worth?,Which movie directed by Christy Cabanne features Charles Wingate?
Christy Cabanne,Dudley Clements,The Outcasts of Poker Flat,Which movie directed by Christy Cabanne features Dudley Clements?
Christy Cabanne,Juan Duval,"Carne de cabaret, Storm Over the Andes",Which movie directed by Christy Cabanne features Juan Duval?
Christy Cabanne,Myrtle Morse,The Stealers,Which movie directed by Christy Cabanne features Myrtle Morse?
Christy Cabanne,Robert Kenyon,The Stealers,Which movie directed by Christy Cabanne features Robert Kenyon?
Chuck Jones,Paul Stookey,Looney Tunes Golden Collection: Volume 6,Which movie directed by Chuck Jones features Paul Stookey?
Clarendon High School,,Mac Thornberry,Which United States politician was educated at Clarendon High School
Colin Campbell,Thomas Jefferson,A Hoosier Romance,Which movie directed by Colin Campbell features Thomas Jefferson?
Colin Campbell,William Courtleigh,Moon Madness,Which movie directed by Colin Campbell features William Courtleigh?
College of Santa Fe,,Tina Sablan,Which United States politician was educated at College of Santa Fe
College of Visual Arts,,Bev Scalze,Which United States politician was educated at College of Visual Arts
Colorado State Preparatory School,,George Whiteley,Which United States politician was educated at Colorado State Preparatory School
Columbia College,,"Rita Mayfield, Ryan Frazier",Which United States politician was educated at Columbia College
Crockett High School,,Jim Turner,Which United States politician was educated at Crockett High School
Cross Keys High School,,Brenda Lopez,Which United States politician was educated at Cross Keys High School
D. W. Griffith,Edgar Nelson,Way Down East,Which movie directed by D. W. Griffith features Edgar Nelson?
D. W. Griffith,Francis Marion,Hearts of the World,Which movie directed by D. W. Griffith features Francis Marion?
D. W. Griffith,Inez Palange,One Million B.C.,Which movie directed by D. W. Griffith features Inez Palange?
D. W. Griffith,Karl Brown,"Home, Sweet Home",Which movie directed by D. W. Griffith features Karl Brown?
D. W. Griffith,Porter Strong,Way Down East,Which movie directed by D. W. Griffith features Porter Strong?
Dan Attias,Joe Wright,Silver Bullet,Which movie directed by Dan Attias features Joe Wright?
Danvers High School,,Theodore C. Speliotis,Which United States politician was educated at Danvers High School
Dave Fleischer,Donald Mills,Dinah,Which movie directed by Dave Fleischer features Donald Mills?
Dave Fleischer,John Charles Mills,Dinah,Which movie directed by Dave Fleischer features John Charles Mills?
David Grossman,Ion Overman,In a World Where the Kings Are Employers,Which movie directed by David Grossman features Ion Overman?
David Trainer,Candice T. Cain,It's a Wonderful Life,Which movie directed by David Trainer features Candice T. Cain?
David Trainer,Karri V. Bowman,Drive-In,Which movie directed by David Trainer features Karri V. Bowman?
David Trainer,Mike Falkow,Fez Gets the Girl,Which movie directed by David Trainer features Mike Falkow?
Dawson County High School,,Tim M. Babcock,Which United States politician was educated at Dawson County High School
Dell Henderson,Byron Douglas,The Plunger,Which movie directed by Dell Henderson features Byron Douglas?
Dell Henderson,Helen Rowland,"Jacqueline, or Blazing Barriers",Which movie directed by Dell Henderson features Helen Rowland?
Dell Henderson,Irving Brooks,The Plunger,Which movie directed by Dell Henderson features Irving Brooks?
Dell Henderson,Jack Hopkins,The Broken Silence,Which movie directed by Dell Henderson features Jack Hopkins?
Dell Henderson,Mary Hall,The Shark,Which movie directed by Dell Henderson features Mary Hall?
Dell Henderson,Robert Vivian,The Plunger,Which movie directed by Dell Henderson features Robert Vivian?
Dell Henderson,Zyllah Inez Shannon,The Plunger,Which movie directed by Dell Henderson features Zyllah Inez Shannon?
Dennis Smith,Dave Powledge,Provenance,Which movie directed by Dennis Smith features Dave Powledge?
Dickson Normal College,,Hattie Caraway,Which United States politician was educated at Dickson Normal College
Draughon School of Business,,Homer Martin Adkins,Which United States politician was educated at Draughon School of Business
E. T. Beddingfield High School,,Carlton L. Stevens,Which United States politician was educated at E. T. Beddingfield High School
East Aurora High School,,Adam Bojak,Which United States politician was educated at East Aurora High School
Eastern Gateway Community College,,Douglas Trottier,Which United States politician was educated at Eastern Gateway Community College
Ebenezer College,,Hattie Caraway,Which United States politician was educated at Ebenezer College
Eclectic Medical College of Pennsylvania,,Anthony Stanford,Which United States politician was educated at Eclectic Medical College of Pennsylvania
Edison Community College,,John Adams,Which United States politician was educated at Edison Community College
Edward F. Cline,Alice Belcher,Broke in China,Which movie directed by Edward F. Cline features Alice Belcher?
Edward F. Cline,Dan Maines,"Broke in China, A Small Town Princess",Which movie directed by Edward F. Cline features Dan Maines?
Edward F. Cline,Danny O'Shea,"A Harem Knight, Hotsy Totsy",Which movie directed by Edward F. Cline features Danny O'Shea?
Edward F. Cline,Lillian Lawrence,Three Ages,Which movie directed by Edward F. Cline features Lillian Lawrence?
Edward L. Cahn,King Calder,Three Came to Kill,Which movie directed by Edward L. Cahn features King Calder?
Edward LeSaint,Georgia Woodthorpe,Merely Mary Ann,Which movie directed by Edward LeSaint features Georgia Woodthorpe?
Edward LeSaint,Harry Spingler,"Merely Mary Ann, Flames of the Flesh",Which movie directed by Edward LeSaint features Harry Spingler?
Edwin Stanton Porter,Robert Broderick,The Prince and the Pauper,Which movie directed by Edwin Stanton Porter features Robert Broderick?
Elmwood High School,,Tom Tiffany,Which United States politician was educated at Elmwood High School
Emporia State University School of Business and Technology,,William Coffin Coleman,Which United States politician was educated at Emporia State University School of Business and Technology
Emporia State University Teachers College,,Edward Herbert Rees,Which United States politician was educated at Emporia State University Teachers College
Falley Seminary,,Bradley Winslow,Which United States politician was educated at Falley Seminary
Flashpoint,Bob Carney,Custody,Which episode of Flashpoint was written by Bob Carney?
Flashpoint,John Callaghan,The Perfect Family,Which episode of Flashpoint was written by John Callaghan?
Flashpoint,Shelley Scarrow,Never Let You Down,Which episode of Flashpoint was written by Shelley Scarrow?
Francis Ford,William Eagle Shirt,The Invaders,Which movie directed by Francis Ford features William Eagle Shirt?
Frank Lloyd,Bill Bambridge,Mutiny on the Bounty,Which movie directed by Frank Lloyd features Bill Bambridge?
Frank Lloyd,Lillian Lawrence,The Voice from the Minaret,Which movie directed by Frank Lloyd features Lillian Lawrence?
Frank Lloyd,Louis King,The Sin Flood,Which movie directed by Frank Lloyd features Louis King?
Frank Lloyd,William Courtleigh,Madame X,Which movie directed by Frank Lloyd features William Courtleigh?
Frankfort Community High School,,Kenneth J. Gray,Which United States politician was educated at Frankfort Community High School
Franklin College,,K. M. Van Zandt,Which United States politician was educated at Franklin College
Fred Olen Ray,Angelique Kenney,The Twin,Which movie directed by Fred Olen Ray features Angelique Kenney?
Fred Olen Ray,Calista Carradine,The Twin,Which movie directed by Fred Olen Ray features Calista Carradine?
Fred Olen Ray,Cassandra Cruz,Sexual Witchcraft,Which movie directed by Fred Olen Ray features Cassandra Cruz?
Fred Olen Ray,Don Scribner,"The Twin, All I Want for Christmas",Which movie directed by Fred Olen Ray features Don Scribner?
Fred Olen Ray,Janis Peebles,Collision Course,Which movie directed by Fred Olen Ray features Janis Peebles?
Fred Olen Ray,Jayden Cole,"Bikini Royale 2, Bikini Jones and the Temple of Eros, Bikini Frankenstein",Which movie directed by Fred Olen Ray features Jayden Cole?
Fred Olen Ray,Jeff Bosley,Sniper Special Ops,Which movie directed by Fred Olen Ray features Jeff Bosley?
Fred Olen Ray,John Henry Richardson,"Sniper Special Ops, Hollywood Chainsaw Hookers, Unwanted Guest",Which movie directed by Fred Olen Ray features John Henry Richardson?
Fred Olen Ray,Jonathan Nation,Eyewitness,Which movie directed by Fred Olen Ray features Jonathan Nation?
Fred Olen Ray,Marliss Amiea,All I Want for Christmas,Which movie directed by Fred Olen Ray features Marliss Amiea?
Fred Olen Ray,Mary Elizabeth McGlynn,Billy Frankenstein,Which movie directed by Fred Olen Ray features Mary Elizabeth McGlynn?
Fred Olen Ray,Matthew J. Cates,The Twin,Which movie directed by Fred Olen Ray features Matthew J. Cates?
Fred Olen Ray,Meghan McLeod,Collision Course,Which movie directed by Fred Olen Ray features Meghan McLeod?
Fred Olen Ray,Michael Gaglio,All I Want for Christmas,Which movie directed by Fred Olen Ray features Michael Gaglio?
Fred Olen Ray,Rita Khori,Sniper Special Ops,Which movie directed by Fred Olen Ray features Rita Khori?
Fred Olen Ray,Rydell Danzie,Sniper Special Ops,Which movie directed by Fred Olen Ray features Rydell Danzie?
Fred Olen Ray,Valentina Novakovic,Unwanted Guest,Which movie directed by Fred Olen Ray features Valentina Novakovic?
Gadsden County High School,,Scott Kelly,Which United States politician was educated at Gadsden County High School
Gail Mancuso,Ashley Aufderheide,"That '90s Pilot, You Oughta Know",Which movie directed by Gail Mancuso features Ashley Aufderheide?
Gail Mancuso,Callie Haverda,"You Oughta Know, That '90s Pilot",Which movie directed by Gail Mancuso features Callie Haverda?
Gail Mancuso,Reyn Doi,"You Oughta Know, That '90s Pilot",Which movie directed by Gail Mancuso features Reyn Doi?
Gail Mancuso,Sam Morelos,You Oughta Know,Which movie directed by Gail Mancuso features Sam Morelos?
Georg Jacoby,Carl Iban,The Beggar Student,Which movie directed by Georg Jacoby features Carl Iban?
Georg Jacoby,Dick Van Der Veld,Kleren Maken de Man,Which movie directed by Georg Jacoby features Dick Van Der Veld?
Georg Jacoby,Leo Lasko,"Jan Vermeulen, the Miller of Flanders",Which movie directed by Georg Jacoby features Leo Lasko?
George Archainbaud,Barry Curtis,The Adventures of Champion,Which movie directed by George Archainbaud features Barry Curtis?
George Archainbaud,Charlotte Granville,A Damsel in Distress,Which movie directed by George Archainbaud features Charlotte Granville?
George D. Baker,Ben Hendricks,Heliotrope,Which movie directed by George D. Baker features Ben Hendricks?
George D. Baker,Betty Hilburn,Heliotrope,Which movie directed by George D. Baker features Betty Hilburn?
George Melford,Linda Watkins,Murder in the Library,Which movie directed by George Melford features Linda Watkins?
George Melford,Richard Morris,The Marriage of Kitty,Which movie directed by George Melford features Richard Morris?
Gerry Cohen,Marina Benedict,Nikki,Which movie directed by Gerry Cohen features Marina Benedict?
Glenwood Institute,,"John Warne Herbert, Jr.",Which United States politician was educated at Glenwood Institute
Gloucester City Junior-Senior High School,,Edward Durr,Which United States politician was educated at Gloucester City Junior-Senior High School
Grace Christian Academy,,Don Bacon,Which United States politician was educated at Grace Christian Academy
Grant Union High School,,Denny Smith,Which United States politician was educated at Grant Union High School
Greenville High School,,Earl McGowin,Which United States politician was educated at Greenville High School
Hal Roach,Inez Palange,One Million B.C.,Which movie directed by Hal Roach features Inez Palange?
Hal Roach,John Hyams,The Housekeeper's Daughter,Which movie directed by Hal Roach features John Hyams?
Hal Roach,Margaret Roach,Road Show,Which movie directed by Hal Roach features Margaret Roach?
Hamilton College of Law,,"John L. Dahl, Harold Roe Bartle",Which United States politician was educated at Hamilton College of Law
Handy Manny,Rick Gitelson,Handy Manny's Motorcycle Adventure,Which episode of Handy Manny was written by Rick Gitelson?
Hay Plumb,Adeleine Bourne,Hamlet,Which movie directed by Hay Plumb features Adeleine Bourne?
Hay Plumb,Alex Scott-Gatty,Hamlet,Which movie directed by Hay Plumb features Alex Scott-Gatty?
Hay Plumb,E.A. Ross,Hamlet,Which movie directed by Hay Plumb features E.A. Ross?
Hay Plumb,Eric Adeney,Hamlet,Which movie directed by Hay Plumb features Eric Adeney?
Hay Plumb,Grendon Bentley,Hamlet,Which movie directed by Hay Plumb features Grendon Bentley?
Hay Plumb,J.H. Barnes,Hamlet,Which movie directed by Hay Plumb features J.H. Barnes?
Hay Plumb,Montagu Rutherford,Hamlet,Which movie directed by Hay Plumb features Montagu Rutherford?
Hay Plumb,Percy Rhodes,Hamlet,Which movie directed by Hay Plumb features Percy Rhodes?
Hay Plumb,Walter Ringham,Hamlet,Which movie directed by Hay Plumb features Walter Ringham?
Heartland Baptist Bible College,,Ralph Shortey,Which United States politician was educated at Heartland Baptist Bible College
Henry King,De Sacia Mooers,Any Woman,Which movie directed by Henry King features De Sacia Mooers?
Henry King,Dorothy Hagan,One Hour Before Dawn,Which movie directed by Henry King features Dorothy Hagan?
Henry King,Louis King,Way Down East,Which movie directed by Henry King features Louis King?
Henry King,Percy Challenger,Uncharted Channels,Which movie directed by Henry King features Percy Challenger?
Henry King,Ralph McCullough,One Hour Before Dawn,Which movie directed by Henry King features Ralph McCullough?
Henry King,Thomas Persse,Uncharted Channels,Which movie directed by Henry King features Thomas Persse?
Hettinger High School,,Rick Berg,Which United States politician was educated at Hettinger High School
Hickory High School,,Hank Guess,Which United States politician was educated at Hickory High School
Hinds County Agricultural High School,,Bennie Thompson,Which United States politician was educated at Hinds County Agricultural High School
Holland Christian Schools,,"Betsy DeVos, Bill Huizenga",Which United States politician was educated at Holland Christian Schools
Holston College,,"James Henry Randolph, Albert Galiton Watkins",Which United States politician was educated at Holston College
Holy Family High School,,Tom Tancredo,Which United States politician was educated at Holy Family High School
Howard University College of Engineering Architecture and Computer Science,,"Togo D. West, Jr.",Which United States politician was educated at Howard University College of Engineering Architecture and Computer Science
Hsinchu City Chien Kung Senior High School,,Lii Wen,Which United States politician was educated at Hsinchu City Chien Kung Senior High School
Hubbard Middle School,,Stuart Hene,Which United States politician was educated at Hubbard Middle School
Humphreys University,,Henry F. Ashurst,Which United States politician was educated at Humphreys University
Hunt High School,,James Roberson,Which United States politician was educated at Hunt High School
Huntington College of Health Sciences,,Karen Hurd,Which United States politician was educated at Huntington College of Health Sciences
Hustler's University,,Sajeeb Wazed,Which United States politician was educated at Hustler's University
Imperial Valley College,,George Brown,Which United States politician was educated at Imperial Valley College
Incarnate Word Academy,,Blake Farenthold,Which United States politician was educated at Incarnate Word Academy
Independence USD 446,,Derek Schmidt,Which United States politician was educated at Independence USD 446
Indiana University Kokomo,,Ron Herrell,Which United States politician was educated at Indiana University Kokomo
Iver C. Ranum High School,,Charles Pelkey,Which United States politician was educated at Iver C. Ranum High School
Izabella Bashmakova,,Margaret Cunzio,Which United States politician was educated at Izabella Bashmakova
J. P. McGowan,Charles Norman Hammond,The Vanishing Dagger,Which movie directed by J. P. McGowan features Charles Norman Hammond?
J. P. McGowan,John Lowell Russell,"Arizona Days, Manhattan Cowboy",Which movie directed by J. P. McGowan features John Lowell Russell?
J. Stuart Blackton,Hubert Carrer,The Virgin Queen,Which movie directed by J. Stuart Blackton features Hubert Carrer?
J. Stuart Blackton,Leila Valentine,Passers By,Which movie directed by J. Stuart Blackton features Leila Valentine?
J. Stuart Blackton,Maisie Fisher,The Virgin Queen,Which movie directed by J. Stuart Blackton features Maisie Fisher?
J. Stuart Blackton,Violet Virginia Blackton,The Virgin Queen,Which movie directed by J. Stuart Blackton features Violet Virginia Blackton?
J. Stuart Blackton,Warren Chandler,My Husband's Other Wife,Which movie directed by J. Stuart Blackton features Warren Chandler?
Jackson College (Tennessee),,"James Houston Thomas, Neill S. Brown",Which United States politician was educated at Jackson College (Tennessee)
Jean Durand,Joachim Renez,Transformations élastiques,Which movie directed by Jean Durand features Joachim Renez?
Jean-Luc Godard,Audrey Klebaner,In Praise of Love,Which movie directed by Jean-Luc Godard features Audrey Klebaner?
Jean-Luc Godard,Carol Bellamy,One P.M.,Which movie directed by Jean-Luc Godard features Carol Bellamy?
Jean-Luc Godard,Enzo Siciliano,Ro.Go.Pa.G.,Which movie directed by Jean-Luc Godard features Enzo Siciliano?
Jean-Luc Godard,Jean-Paul Savignac,My Life to Live,Which movie directed by Jean-Luc Godard features Jean-Paul Savignac?
Jean-Luc Godard,José Bénazéraf,Breathless,Which movie directed by Jean-Luc Godard features José Bénazéraf?
Jean-Luc Godard,Pierre Oudrey,Number Two,Which movie directed by Jean-Luc Godard features Pierre Oudrey?
Jean-Luc Godard,Sandrine Battistella,Number Two,Which movie directed by Jean-Luc Godard features Sandrine Battistella?
Jesús Franco,Alicia Moro,Dark Mission,Which movie directed by Jesús Franco features Alicia Moro?
Jesús Franco,Brigitte Meyer,"Women Without Innocence, Love Camp",Which movie directed by Jesús Franco features Brigitte Meyer?
Jesús Franco,Conchita Nuñez,The Daughter of Dracula,Which movie directed by Jesús Franco features Conchita Nuñez?
Jesús Franco,Corinna Drews,Bloody Moon,Which movie directed by Jesús Franco features Corinna Drews?
Jesús Franco,José Viana,Love Letters of a Portuguese Nun,Which movie directed by Jesús Franco features José Viana?
Jesús Franco,Lorli Bucher,Around the World in 80 Beds,Which movie directed by Jesús Franco features Lorli Bucher?
Jesús Franco,Martine Stedil,"Swedish Nympho Slaves, Downtown, Barbed Wire Dolls",Which movie directed by Jesús Franco features Martine Stedil?
Jesús Franco,Richard Bigotini,"Celestine, Maid at Your Service",Which movie directed by Jesús Franco features Richard Bigotini?
Jesús Franco,Victor de Sousa,Love Letters of a Portuguese Nun,Which movie directed by Jesús Franco features Victor de Sousa?
Jesús Franco,Vítor Mendes,"Swedish Nympho Slaves, Voodoo Passion, Love Letters of a Portuguese Nun",Which movie directed by Jesús Franco features Vítor Mendes?
Jesús Franco,Yvonne Eduser,"Around the World in 80 Beds, Swedish Nympho Slaves, Girls in the Night Traffic",Which movie directed by Jesús Franco features Yvonne Eduser?
Joe D'Amato,Anita Rinaldi,I predatori delle Antille,Which movie directed by Joe D'Amato features Anita Rinaldi?
Joe D'Amato,Christopher T. Walsh,Endgame,Which movie directed by Joe D'Amato features Christopher T. Walsh?
Joe D'Amato,Judith Kostner,Selen The Girl of the Treasure Island,Which movie directed by Joe D'Amato features Judith Kostner?
John Ford,Bert Appling,Just Pals,Which movie directed by John Ford features Bert Appling?
John Ford,C.E. Anderson,Hitchin' Posts,Which movie directed by John Ford features C.E. Anderson?
Jules White,George Gray,The Battling Kangaroo,Which movie directed by Jules White features George Gray?
Jules White,Julie Gibson,Three Smart Saps,Which movie directed by Jules White features Julie Gibson?
Katahirachō Elementary School,,Jiro Aichi,Which United States politician was educated at Katahirachō Elementary School
Kearney State College,,Richard Shultz,Which United States politician was educated at Kearney State College
Kenan & Kel,Kevin Kopelow,Two Heads Are Better Than None,Which episode of Kenan & Kel was written by Kevin Kopelow?
Kent County High School,,Jay Jacobs,Which United States politician was educated at Kent County High School
La Salle Military Academy,,John M. Murphy,Which United States politician was educated at La Salle Military Academy
Lakeshore Technical College,,Terry Van Akkeren,Which United States politician was educated at Lakeshore Technical College
Lakeview Academy,,Matt Dubnik,Which United States politician was educated at Lakeview Academy
Lambert Hillyer,S.J. Bingham,Sand!,Which movie directed by Lambert Hillyer features S.J. Bingham?
Lansingburgh High School,,Carmella Mantello,Which United States politician was educated at Lansingburgh High School
Larry Semon,Danny O'Shea,A Dozen Socks,Which movie directed by Larry Semon features Danny O'Shea?
Larry Semon,Marie Astaire,Dummies,Which movie directed by Larry Semon features Marie Astaire?
Larry Semon,Marjorie Zier,A Dozen Socks,Which movie directed by Larry Semon features Marjorie Zier?
Lau Lauritzen Sr.,Pip Overbeck,Be Mine–for Tomorrow,Which movie directed by Lau Lauritzen Sr. features Pip Overbeck?
Law & Order: Criminal Intent,Charlie Rubin,Untethered,Which episode of Law & Order: Criminal Intent was written by Charlie Rubin?
Law & Order: Criminal Intent,Peter Blauner,"Contract, Last Rites",Which episode of Law & Order: Criminal Intent was written by Peter Blauner?
Law & Order: Criminal Intent,Siobhan Byrne,"Amends, Senseless, Last Rites, Purgatory",Which episode of Law & Order: Criminal Intent was written by Siobhan Byrne?
Lenawee Christian School,,Rick Baxter,Which United States politician was educated at Lenawee Christian School
Leo McCarey,Al Hallett,Crazy like a Fox,Which movie directed by Leo McCarey features Al Hallett?
Leo McCarey,John Aasen,Should Married Men Go Home?,Which movie directed by Leo McCarey features John Aasen?
Leo McCarey,Martin Wolfkeil,All Wet,Which movie directed by Leo McCarey features Martin Wolfkeil?
Leopold Lindtberg,Claudia Golling,Kein schöner Sonntag,Which movie directed by Leopold Lindtberg features Claudia Golling?
Leopold Lindtberg,Richard Schweizer,Florian Geyer,Which movie directed by Leopold Lindtberg features Richard Schweizer?
Lesley Selander,Ernest Hilliard,The Boss Rider of Gun Creek,Which movie directed by Lesley Selander features Ernest Hilliard?
Lesli Linka Glatter,Lana Likic,Revelations,Which movie directed by Lesli Linka Glatter features Lana Likic?
Lesli Linka Glatter,Patrik Křivánek,Revelations,Which movie directed by Lesli Linka Glatter features Patrik Křivánek?
Lloyd Bacon,Davey Lee,"The Singing Fool, Say It with Songs",Which movie directed by Lloyd Bacon features Davey Lee?
Lloyd Bacon,David Worth,Sons o' Guns,Which movie directed by Lloyd Bacon features David Worth?
Los Amigos High School,,Mike Pompeo,Which United States politician was educated at Los Amigos High School
Louis Feuillade,Marguerite Lavigne,"Tiny Tim and the Lion, Bout-de-Zan au bal masqué",Which movie directed by Louis Feuillade features Marguerite Lavigne?
Louis J. Gasnier,Albert Decoeur,Les Amours de la reine Élisabeth,Which movie directed by Louis J. Gasnier features Albert Decoeur?
Louis J. Gasnier,Jean Chameroy,Les Amours de la reine Élisabeth,Which movie directed by Louis J. Gasnier features Jean Chameroy?
Louis J. Gasnier,Marie-Louise Derval,Les Amours de la reine Élisabeth,Which movie directed by Louis J. Gasnier features Marie-Louise Derval?
Louis J. Gasnier,Nita Romani,Les Amours de la reine Élisabeth,Which movie directed by Louis J. Gasnier features Nita Romani?
Louisiana State University of Alexandria,,Mickey Guillory,Which United States politician was educated at Louisiana State University of Alexandria
Lutheran High School (Milwaukee),,Edgar E. Lien,Which United States politician was educated at Lutheran High School (Milwaukee)
Léonce Perret,Yvonne Delva,The Thirteenth Chair,Which movie directed by Léonce Perret features Yvonne Delva?
Mack Sennett,Maria Alba,Hypnotized,Which movie directed by Mack Sennett features Maria Alba?
Maddox Seminary,,Effiegene Locke Wingo,Which United States politician was educated at Maddox Seminary
Manhattan International High School,,Barbara Millicent Roberts,Which United States politician was educated at Manhattan International High School
Mansfield High School,,Mark Darr,Which United States politician was educated at Mansfield High School
Mark Cendrowski,Angel Laketa Moore,Three Angry Women and a Prophylactic,Which movie directed by Mark Cendrowski features Angel Laketa Moore?
Mark Cendrowski,Gayla Goehl,Diet Crap,Which movie directed by Mark Cendrowski features Gayla Goehl?
Mark Cendrowski,Kalpana Pot,A Regular Samaritan,Which movie directed by Mark Cendrowski features Kalpana Pot?
Mark Cendrowski,Roshawn Franklin,"A New Hobby, a Pervert and a Part-Time Job",Which movie directed by Mark Cendrowski features Roshawn Franklin?
Marriott School of Management,,Scott Smith,Which United States politician was educated at Marriott School of Management
Martin Wood,Anne Openshaw,Summer in the Vineyard,Which movie directed by Martin Wood features Anne Openshaw?
Martin Wood,Matthew James Dowden,Aurora Teagarden Mysteries: A Very Foul Play,Which movie directed by Martin Wood features Matthew James Dowden?
Maryland Agricultural College,,Millard Tydings,Which United States politician was educated at Maryland Agricultural College
Massachusetts Institute of Technology Department of Mechanical Engineering,,Thomas Massie,Which United States politician was educated at Massachusetts Institute of Technology Department of Mechanical Engineering
Mattamuskeet High School,,Ben Cahoon,Which United States politician was educated at Mattamuskeet High School
Max S. Hayes High School,,Frank G. Jackson,Which United States politician was educated at Max S. Hayes High School
Meadow Creek Christian School,,"Nolan West, John Heinrich",Which United States politician was educated at Meadow Creek Christian School
Melissa & Joey,Ed Driscoll,"Play Ball, Let's Get It Started",Which episode of Melissa & Joey was written by Ed Driscoll?
Melissa & Joey,Matt Boren,"Dancing With the Stars of Toledo, Don't Train on My Parade, Waiting for Mr. Right",Which episode of Melissa & Joey was written by Matt Boren?
Methodist Primary School Sibu,,Lee Wong,Which United States politician was educated at Methodist Primary School Sibu
Metropolitan University,,"Angel Pérez Otero, José Luis Cruz Cruz",Which United States politician was educated at Metropolitan University
Michael Curtiz,Károly Makk,The Proud Rebel,Which movie directed by Michael Curtiz features Károly Makk?
Michael Curtiz,Árpád Latabár,The Colonel,Which movie directed by Michael Curtiz features Árpád Latabár?
Michael Lembeck,Destiny Rettinger,Snow Day,Which movie directed by Michael Lembeck features Destiny Rettinger?
Michael Lembeck,Lilly Bartlam,Snow Day,Which movie directed by Michael Lembeck features Lilly Bartlam?
Michael Lembeck,Siobhan Murphy,A Nutcracker Christmas,Which movie directed by Michael Lembeck features Siobhan Murphy?
Michael Zinberg,J. Grant Albrecht,The Guardian,Which movie directed by Michael Zinberg features J. Grant Albrecht?
Michael Zinberg,Richard Topol,The Guardian,Which movie directed by Michael Zinberg features Richard Topol?
Michael Zinberg,Rod Britt,The Guardian,Which movie directed by Michael Zinberg features Rod Britt?
Minden Male Academy,,Jeremiah S. Bacon,Which United States politician was educated at Minden Male Academy
Mir yeshiva (Brooklyn),,Meir Kahane,Which United States politician was educated at Mir yeshiva (Brooklyn)
Miraleste High School,,Bart LeBon,Which United States politician was educated at Miraleste High School
Miss Hall's School,,Zelia Peet Ruebhausen,Which United States politician was educated at Miss Hall's School
Montezuma-Cortez High School,,Scott Tipton,Which United States politician was educated at Montezuma-Cortez High School
Montgomery County Community College,,Nancy Guenst,Which United States politician was educated at Montgomery County Community College
Monticello High School,,Mark Green,Which United States politician was educated at Monticello High School
Montpelier High School,,Jon Husted,Which United States politician was educated at Montpelier High School
Morristown-Hamblen High School West,,Tilman Goins,Which United States politician was educated at Morristown-Hamblen High School West
Moulton-Udell High School,,Austin Harris,Which United States politician was educated at Moulton-Udell High School
Mount Aloysius College,,Patricia Egan Jones,Which United States politician was educated at Mount Aloysius College
Mount Desert Island High School,,Matthew Dunlap,Which United States politician was educated at Mount Desert Island High School
Mount Marty University,,"Bernie Hunhoff, Kristi Noem",Which United States politician was educated at Mount Marty University
Mount Saint Agnes College,,Barbara Mikulski,Which United States politician was educated at Mount Saint Agnes College
Mount Saint Mary College,,"J. Gail Barry, Jane Garvey",Which United States politician was educated at Mount Saint Mary College
Mount Wachusett Community College,,Robert A. Hall,Which United States politician was educated at Mount Wachusett Community College
Mount Zion High School,,Howard Warren Buffett,Which United States politician was educated at Mount Zion High School
National University of Tainan Affiliated Primary School,,Hsiao Bi-khim,Which United States politician was educated at National University of Tainan Affiliated Primary School
Nevada High School,,"Bill Phelps, Ed Emery",Which United States politician was educated at Nevada High School
Newcastle High School,,Anthony Sykes,Which United States politician was educated at Newcastle High School
Newport High School,,Kaneaster Hodges Jr.,Which United States politician was educated at Newport High School
Niagara Catholic High School,,Robert Restaino,Which United States politician was educated at Niagara Catholic High School
Night School,,Karl Stefan,Which United States politician was educated at Night School
Noelani Elementary School,,Barack Obama,Which United States politician was educated at Noelani Elementary School
Nokomis Regional High School,,"Joshua Tardy, Dean Cray, Aaron Frey",Which United States politician was educated at Nokomis Regional High School
Norman Adrian Wiggins School of Law,,"Elaine Marshall, John Hutchinson",Which United States politician was educated at Norman Adrian Wiggins School of Law
Norman Taurog,David Holt,The Big Broadcast of 1936,Which movie directed by Norman Taurog features David Holt?
North Carolina,,Vince Foster,Which United States politician was educated at North Carolina
North Moore High School,,John Edwards,Which United States politician was educated at North Moore High School
Northeast Jones High School,,Marsha Blackburn,Which United States politician was educated at Northeast Jones High School
Northern Marianas College,,Luella Marciano,Which United States politician was educated at Northern Marianas College
Northland International University,,Lee Chatfield,Which United States politician was educated at Northland International University
Orangefield High School (Texas),,Michael Berry,Which United States politician was educated at Orangefield High School (Texas)
Oscar Apfel,Irene Howley,Half a Chance,Which movie directed by Oscar Apfel features Irene Howley?
Oscar Apfel,Juan de la Cruz,Peer Gynt,Which movie directed by Oscar Apfel features Juan de la Cruz?
Owego Free Academy,,Kevin Crutchfield,Which United States politician was educated at Owego Free Academy
Parker College,,Charles Raymond Robertson,Which United States politician was educated at Parker College
Pascagoula High School,,Mike Ezell,Which United States politician was educated at Pascagoula High School
Patrick Henry High School,,Israel O'Quinn,Which United States politician was educated at Patrick Henry High School
Payette High School,,James A. McClure,Which United States politician was educated at Payette High School
Pelham High School,,Guy Comtois,Which United States politician was educated at Pelham High School
Phil Rosen,Maria Alba,Kiss of Araby,Which movie directed by Phil Rosen features Maria Alba?
Phil Rosen,William Courtleigh,Handle With Care,Which movie directed by Phil Rosen features William Courtleigh?
Phil Rosen,William Ellingford,The Road to Divorce,Which movie directed by Phil Rosen features William Ellingford?
Phil Rosen,William F. Moran,The Path She Chose,Which movie directed by Phil Rosen features William F. Moran?
Philadelphia College of Pharmacy,,"David Clarence Gibboney, George M. Eckels",Which United States politician was educated at Philadelphia College of Pharmacy
Pierce Academy,,Leonard Wood,Which United States politician was educated at Pierce Academy
Point Breeze,,Voranus Lothrop Coffin IV,Which United States politician was educated at Point Breeze
Premonstratensian St. Norbert Secondary School,,Pál Fábry,Which United States politician was educated at Premonstratensian St. Norbert Secondary School
Premont High School,,José Manuel Lozano,Which United States politician was educated at Premont High School
Princeton Community Middle School,,Vivek Ramaswamy,Which United States politician was educated at Princeton Community Middle School
Purnell Swett High School,,Jarrod Lowery,Which United States politician was educated at Purnell Swett High School
R.B. Stall High School,,Tim Scott,Which United States politician was educated at R.B. Stall High School
Radford School,,Sandra Day O'Connor,Which United States politician was educated at Radford School
Ralph Ince,Harry Tighe,Red Foam,Which movie directed by Ralph Ince features Harry Tighe?
Ralph Ince,Louise Prussing,His Wife's Money,Which movie directed by Ralph Ince features Louise Prussing?
Raoul Walsh,Carlo Liten,The Strongest,Which movie directed by Raoul Walsh features Carlo Liten?
Raoul Walsh,Horst von der Goltz,The Prussian Cur,Which movie directed by Raoul Walsh features Horst von der Goltz?
Raoul Walsh,James Kenney,Captain Horatio Hornblower R.N.,Which movie directed by Raoul Walsh features James Kenney?
Raoul Walsh,John Rogers,Klondike Annie,Which movie directed by Raoul Walsh features John Rogers?
Raoul Walsh,Mary Parker,St. Louis Blues,Which movie directed by Raoul Walsh features Mary Parker?
Ray Taylor,Maria Alba,The Return of Chandu,Which movie directed by Ray Taylor features Maria Alba?
Rich Correll,Chad Power,Step by Step,Which movie directed by Rich Correll features Chad Power?
Rich Correll,Christopher Castile,Step by Step,Which movie directed by Rich Correll features Christopher Castile?
Rich Correll,Will Buie Jr.,Bunk'd,Which movie directed by Rich Correll features Will Buie Jr.?
Richard Oswald,Alfred Kühne,Manolescu's Memoirs,Which movie directed by Richard Oswald features Alfred Kühne?
Richard Oswald,Arthur Wellin,"Lützow's Wild Hunt, The Picture of Dorian Gray",Which movie directed by Richard Oswald features Arthur Wellin?
Richard Oswald,Gertrud Eysoldt,The Transformation of Dr. Bessel,Which movie directed by Richard Oswald features Gertrud Eysoldt?
Richard Oswald,Hans Peppler,1914,Which movie directed by Richard Oswald features Hans Peppler?
Richard Thorpe,Jack Churchill,Ivanhoe,Which movie directed by Richard Thorpe features Jack Churchill?
Richard Thorpe,Peter Welch,The House of the Seven Hawks,Which movie directed by Richard Thorpe features Peter Welch?
Riverside High School,,Kenneth William Faulkner,Which United States politician was educated at Riverside High School
Robert G. Vignola,Arthur Forrest,When Knighthood Was in Flower,Which movie directed by Robert G. Vignola features Arthur Forrest?
Robert G. Vignola,Helen Lindroth,"The Lost Diamond, Don Caesar de Bazan",Which movie directed by Robert G. Vignola features Helen Lindroth?
Robert Z. Leonard,Gia Kent,Pride and Prejudice,Which movie directed by Robert Z. Leonard features Gia Kent?
Robert Z. Leonard,Joan Elan,The King's Thief,Which movie directed by Robert Z. Leonard features Joan Elan?
Robert Z. Leonard,Madeline Marshall,April Folly,Which movie directed by Robert Z. Leonard features Madeline Marshall?
Robert Z. Leonard,Marten Lamont,Pride and Prejudice,Which movie directed by Robert Z. Leonard features Marten Lamont?
Rock Port High School,,Hardin Cox,Which United States politician was educated at Rock Port High School
Rogers Hall School,,Edith Nourse Rogers,Which United States politician was educated at Rogers Hall School
Rogersville,,Ken Givens,Which United States politician was educated at Rogersville
Rosa von Praunheim,Bela Ewald Althans,"Men, Heroes and Gay Nazis",Which movie directed by Rosa von Praunheim features Bela Ewald Althans?
Rosa von Praunheim,Charles Ludlam,Underground and Emigrants,Which movie directed by Rosa von Praunheim features Charles Ludlam?
Rosa von Praunheim,Christian Kesten,A Virus Knows No Morals,Which movie directed by Rosa von Praunheim features Christian Kesten?
Rosa von Praunheim,Cyril Tuschi,Praunheim Memoires,Which movie directed by Rosa von Praunheim features Cyril Tuschi?
Rosa von Praunheim,Désirée Nick,Neurosia: 50 Years of Perversity,Which movie directed by Rosa von Praunheim features Désirée Nick?
Rosa von Praunheim,Joaquín La Habana,"City of Lost Souls, Horror vacui",Which movie directed by Rosa von Praunheim features Joaquín La Habana?
Rosa von Praunheim,Manfred Salzgeber,"It Is Not the Homosexual Who Is Perverse, But the Society in Which He Lives",Which movie directed by Rosa von Praunheim features Manfred Salzgeber?
Rosa von Praunheim,Thilo von Trotha,A Virus Knows No Morals,Which movie directed by Rosa von Praunheim features Thilo von Trotha?
Roy William Neill,Gretchen Hartman,The Bandbox,Which movie directed by Roy William Neill features Gretchen Hartman?
Roy William Neill,William Post Jr.,Sherlock Holmes and the Secret Weapon,Which movie directed by Roy William Neill features William Post Jr.?
Royal High School,,Stan Kitzman,Which United States politician was educated at Royal High School
Rutgers University School of Social Work,,Joann Downey,Which United States politician was educated at Rutgers University School of Social Work
Saint Basil Academy,,Olympia Snowe,Which United States politician was educated at Saint Basil Academy
Sam Newfield,David Holt,She Shoulda Said No!,Which movie directed by Sam Newfield features David Holt?
Saved by the Bell,Peter Engel,"Dancing to the Max, The Lisa Card, The Mamas and the Papas, The Zack Tapes",Which episode of Saved by the Bell was written by Peter Engel?
Saved by the Bell,R.J. Colleary,"Screech's Woman, The Election",Which episode of Saved by the Bell was written by R.J. Colleary?
Shafter High School,,Dean Florez,Which United States politician was educated at Shafter High School
Shiloh College,,John A. Logan,Which United States politician was educated at Shiloh College
Smith School of Business,,Elon Musk,Which United States politician was educated at Smith School of Business
Sonic the Hedgehog,Duncan Rouleau,Sonic Prime,Which episode of Sonic the Hedgehog was written by Duncan Rouleau?
Sonic the Hedgehog,Ian Flynn,"Sonic Origins, Sonic Frontiers",Which episode of Sonic the Hedgehog was written by Ian Flynn?
Sonic the Hedgehog,Shun Nakamura,Sonic Forces,Which episode of Sonic the Hedgehog was written by Shun Nakamura?
Soule Business College,,Thomas Chipman McRae,Which United States politician was educated at Soule Business College
South Kentucky College,,Washington E. Hudson,Which United States politician was educated at South Kentucky College
Southfield Christian School,,Tim Donnelly,Which United States politician was educated at Southfield Christian School
Spencer Gordon Bennet,"House Peters, Jr.",Batman and Robin,"Which movie directed by Spencer Gordon Bennet features House Peters, Jr.?"
St. John Cantius Parish,,Dennis Kucinich,Which United States politician was educated at St. John Cantius Parish
St. John High School,,Steven Palazzo,Which United States politician was educated at St. John High School
St. Louis College of Physicians and Surgeons,,T. A. Penney,Which United States politician was educated at St. Louis College of Physicians and Surgeons
St. Mary's Episcopal School,,Tami Sawyer,Which United States politician was educated at St. Mary's Episcopal School
St. Stephens High School,,Mark K. Hilton,Which United States politician was educated at St. Stephens High School
Star Trek: Deep Space Nine,David Alan Mack,Starship Down,Which episode of Star Trek: Deep Space Nine was written by David Alan Mack?
Star Trek: Deep Space Nine,John J. Ordover,Starship Down,Which episode of Star Trek: Deep Space Nine was written by John J. Ordover?
Star Trek: Deep Space Nine,Katharyn Powers,Past Prologue,Which episode of Star Trek: Deep Space Nine was written by Katharyn Powers?
Star Trek: Deep Space Nine,Robert Lederman,"The Assignment, Improbable Cause",Which episode of Star Trek: Deep Space Nine was written by Robert Lederman?
Star Trek: The Original Series,Adrian Spies,Miri,Which episode of Star Trek: The Original Series was written by Adrian Spies?
Star Trek: The Original Series,Art Wallace,"Assignment: Earth, Obsession",Which episode of Star Trek: The Original Series was written by Art Wallace?
Star Trek: The Original Series,Arthur Heinemann,"The Savage Curtain, Wink of an Eye, The Way to Eden",Which episode of Star Trek: The Original Series was written by Arthur Heinemann?
Star Trek: The Original Series,Arthur Singer,Turnabout Intruder,Which episode of Star Trek: The Original Series was written by Arthur Singer?
Star Trek: The Original Series,Barry Trivers,The Conscience of the King,Which episode of Star Trek: The Original Series was written by Barry Trivers?
Star Trek: The Original Series,Boris Sobelman,The Return of the Archons,Which episode of Star Trek: The Original Series was written by Boris Sobelman?
Star Trek: The Original Series,Jean Lisette Aroeste,"All Our Yesterdays, Is There in Truth No Beauty?",Which episode of Star Trek: The Original Series was written by Jean Lisette Aroeste?
Star Trek: The Original Series,John T. Dugan,Return to Tomorrow,Which episode of Star Trek: The Original Series was written by John T. Dugan?
Star Trek: The Original Series,Joyce Muskat,The Empath,Which episode of Star Trek: The Original Series was written by Joyce Muskat?
Star Trek: The Original Series,Judy Burns,The Tholian Web,Which episode of Star Trek: The Original Series was written by Judy Burns?
Star Trek: The Original Series,Lee Erwin,Whom Gods Destroy,Which episode of Star Trek: The Original Series was written by Lee Erwin?
Star Trek: The Original Series,Max Ehrlich,The Apple,Which episode of Star Trek: The Original Series was written by Max Ehrlich?
Star Trek: The Original Series,Norman Spinrad,The Doomsday Machine,Which episode of Star Trek: The Original Series was written by Norman Spinrad?
Star Trek: The Original Series,Paul Schneider,"Balance of Terror, The Squire of Gothos",Which episode of Star Trek: The Original Series was written by Paul Schneider?
Star Trek: The Original Series,Rik Vollaerts,For the World Is Hollow and I Have Touched the Sky,Which episode of Star Trek: The Original Series was written by Rik Vollaerts?
Star Trek: The Original Series,Robert Hamner,A Taste of Armageddon,Which episode of Star Trek: The Original Series was written by Robert Hamner?
Star Trek: The Original Series,Robert Sabaroff,The Immunity Syndrome,Which episode of Star Trek: The Original Series was written by Robert Sabaroff?
Star Trek: The Original Series,Samuel A. Peeples,Where No Man Has Gone Before,Which episode of Star Trek: The Original Series was written by Samuel A. Peeples?
Star Trek: The Original Series,Shari Lewis,The Lights of Zetar,Which episode of Star Trek: The Original Series was written by Shari Lewis?
Star Trek: The Original Series,Stanley Adams,The Mark of Gideon,Which episode of Star Trek: The Original Series was written by Stanley Adams?
Star Trek: The Original Series,Steven W. Carabatsos,"Operation – Annihilate!, Court Martial",Which episode of Star Trek: The Original Series was written by Steven W. Carabatsos?
Stephens High School,,Tommy Davis,Which United States politician was educated at Stephens High School
Sutherlin High School,,Steve M. Thompson,Which United States politician was educated at Sutherlin High School
Sveriges Radio's Christmas Calendar,Lasse Åkerlund,Trollet med den gula kepsen,Which episode of Sveriges Radio's Christmas Calendar was written by Lasse Åkerlund?
Takashi Miike,Anri Okamoto,Yatterman,Which movie directed by Takashi Miike features Anri Okamoto?
Takashi Miike,Asanagi Rin,The Third Gangster,Which movie directed by Takashi Miike features Asanagi Rin?
Takashi Miike,Chiaki Takahashi,Yatterman,Which movie directed by Takashi Miike features Chiaki Takahashi?
Takashi Miike,Chihara Junior,Young Thugs: Innocent Blood,Which movie directed by Takashi Miike features Chihara Junior?
Takashi Miike,Chinatsu Yada,One Missed Call,Which movie directed by Takashi Miike features Chinatsu Yada?
Takashi Miike,Don'u Min,Imprint,Which movie directed by Takashi Miike features Don'u Min?
Takashi Miike,Joe Yamanaka,Deadly Outlaw: Rekka,Which movie directed by Takashi Miike features Joe Yamanaka?
Takashi Miike,Jun Matsuda,"Man, A Natural Girl",Which movie directed by Takashi Miike features Jun Matsuda?
Takashi Miike,Kiyoshi Nakajō,The Third Gangster,Which movie directed by Takashi Miike features Kiyoshi Nakajō?
Takashi Miike,Kiyoshiro Imawano,"The Great Yokai War, The Happiness of the Katakuris",Which movie directed by Takashi Miike features Kiyoshiro Imawano?
Takashi Miike,Masahiko Sakata,The Third Gangster,Which movie directed by Takashi Miike features Masahiko Sakata?
Takashi Miike,Masataka Iwao,The Third Gangster,Which movie directed by Takashi Miike features Masataka Iwao?
Takashi Miike,Michie,Imprint,Which movie directed by Takashi Miike features Michie?
Takashi Miike,Minosuke,Lumberjack the Monster,Which movie directed by Takashi Miike features Minosuke?
Takashi Miike,Rina Usukura,Idol × Warrior Miracle Tunes!,Which movie directed by Takashi Miike features Rina Usukura?
Takashi Miike,Ryūji Shinagawa,The Third Gangster,Which movie directed by Takashi Miike features Ryūji Shinagawa?
Takashi Miike,Saeko,Like a Dragon,Which movie directed by Takashi Miike features Saeko?
Takashi Miike,Saki Fukuda,Yatterman,Which movie directed by Takashi Miike features Saki Fukuda?
Takashi Miike,Seiji Chihara,Young Thugs: Innocent Blood,Which movie directed by Takashi Miike features Seiji Chihara?
Takashi Miike,Shigeru Inoue,The Third Gangster,Which movie directed by Takashi Miike features Shigeru Inoue?
Takashi Miike,Shihō Harumi,Imprint,Which movie directed by Takashi Miike features Shihō Harumi?
Takashi Miike,Shoko Aida,The Man in White,Which movie directed by Takashi Miike features Shoko Aida?
Takashi Miike,TEAH,Like a Dragon,Which movie directed by Takashi Miike features TEAH?
Takashi Miike,Takaaki Ishibashi,Sukiyaki Western Django,Which movie directed by Takashi Miike features Takaaki Ishibashi?
Takashi Miike,Takao Handa,Imprint,Which movie directed by Takashi Miike features Takao Handa?
Takashi Miike,Takashi Itō,Like a Dragon,Which movie directed by Takashi Miike features Takashi Itō?
Takashi Miike,Tetsuya Yūki,The Third Gangster,Which movie directed by Takashi Miike features Tetsuya Yūki?
Takashi Miike,Tomohiko Imai,Lumberjack the Monster,Which movie directed by Takashi Miike features Tomohiko Imai?
Takashi Miike,Tsutomu Takahashi,Crows Zero 2,Which movie directed by Takashi Miike features Tsutomu Takahashi?
Takashi Miike,Yamada Mame,Imprint,Which movie directed by Takashi Miike features Yamada Mame?
Takashi Miike,Yasuji Kimura,Lumberjack the Monster,Which movie directed by Takashi Miike features Yasuji Kimura?
Takashi Miike,Yoshie Kashiwabara,Lady Hunter: Prelude To Murder,Which movie directed by Takashi Miike features Yoshie Kashiwabara?
Takashi Miike,Yoshihisa Amano,Hara-Kiri: Death of a Samurai,Which movie directed by Takashi Miike features Yoshihisa Amano?
Takashi Miike,Yoshiyuki Ōmori,The Third Gangster,Which movie directed by Takashi Miike features Yoshiyuki Ōmori?
Takashi Miike,Yuki Matsuoka,"Man, A Natural Girl",Which movie directed by Takashi Miike features Yuki Matsuoka?
Takashi Miike,Yuki Miyoshi,Magical × Heroine Magimajo Pures!,Which movie directed by Takashi Miike features Yuki Miyoshi?
Takashi Miike,Yutaka Matsuzaki,Imprint,Which movie directed by Takashi Miike features Yutaka Matsuzaki?
Takashi Miike,Yutaka Yamakawa,The Third Gangster,Which movie directed by Takashi Miike features Yutaka Yamakawa?
Takashi Miike,Yūra Sugiura,Police × Heroine Lovepatrina!,Which movie directed by Takashi Miike features Yūra Sugiura?
Tatort with Ballauf and Schenk,Achim Scholz,Tatort: Müll,Which episode of Tatort with Ballauf and Schenk was written by Achim Scholz?
Tatort with Ballauf and Schenk,Christine Hartmann,Tatort: Kaputt,Which episode of Tatort with Ballauf and Schenk was written by Christine Hartmann?
Tatort with Ballauf and Schenk,Christoph Wortberg,"Tatort: Familien, Tatort: Nachbarn, Tatort: Gefangen",Which episode of Tatort with Ballauf and Schenk was written by Christoph Wortberg?
Tatort with Ballauf and Schenk,Edgar von Cossart,"Tatort: Kinder der Gewalt, Tatort: Kindstod",Which episode of Tatort with Ballauf and Schenk was written by Edgar von Cossart?
Tatort with Ballauf and Schenk,Feo Aladag,Tatort: Mutterliebe,Which episode of Tatort with Ballauf and Schenk was written by Feo Aladag?
Tatort with Ballauf and Schenk,Frank Posiadly,Tatort: Schürfwunden,Which episode of Tatort with Ballauf and Schenk was written by Frank Posiadly?
Tatort with Ballauf and Schenk,Hannes Stöhr,Tatort: Odins Rache,Which episode of Tatort with Ballauf and Schenk was written by Hannes Stöhr?
Tatort with Ballauf and Schenk,Hans Werner,Tatort: Familienbande,Which episode of Tatort with Ballauf and Schenk was written by Hans Werner?
Tatort with Ballauf and Schenk,Jens Maria Merz,Tatort: Benutzt,Which episode of Tatort with Ballauf and Schenk was written by Jens Maria Merz?
Tatort with Ballauf and Schenk,Lars Böhme,Tatort: Familienbande,Which episode of Tatort with Ballauf and Schenk was written by Lars Böhme?
Tatort with Ballauf and Schenk,Maxim Leo,Tatort: Wahre Liebe,Which episode of Tatort with Ballauf and Schenk was written by Maxim Leo?
Tatort with Ballauf and Schenk,Nina Hoger,Tatort: Hundeleben,Which episode of Tatort with Ballauf and Schenk was written by Nina Hoger?
Tatort with Ballauf and Schenk,Patrick Gurris,Tatort: Erfroren,Which episode of Tatort with Ballauf and Schenk was written by Patrick Gurris?
Tatort with Ballauf and Schenk,Peter Dommaschk,Tatort: Kaltes Herz,Which episode of Tatort with Ballauf and Schenk was written by Peter Dommaschk?
Tatort with Ballauf and Schenk,Peter Goslicki,"Tatort: Verraten und verkauft, Tatort: Familienbande",Which episode of Tatort with Ballauf and Schenk was written by Peter Goslicki?
Tatort with Ballauf and Schenk,Ralf Leuther,Tatort: Kaltes Herz,Which episode of Tatort with Ballauf and Schenk was written by Ralf Leuther?
Tatort with Ballauf and Schenk,Roswitha Seidel,Tatort: Bermuda,Which episode of Tatort with Ballauf and Schenk was written by Roswitha Seidel?
Tatort with Ballauf and Schenk,Sonja Goslicki,Tatort: Kindstod,Which episode of Tatort with Ballauf and Schenk was written by Sonja Goslicki?
Tatort with Ballauf and Schenk,Stephan Wuschansky,Tatort: Schmale Schultern,Which episode of Tatort with Ballauf and Schenk was written by Stephan Wuschansky?
Tatort with Ballauf and Schenk,Ulrich Brandt,Tatort: Schmale Schultern,Which episode of Tatort with Ballauf and Schenk was written by Ulrich Brandt?
Tatort with Ballauf and Schenk,Wolfgang Wysocki,Tatort: Bausünden,Which episode of Tatort with Ballauf and Schenk was written by Wolfgang Wysocki?
Tatort with Ballauf and Schenk,Züli Aladağ,Tatort: Mutterliebe,Which episode of Tatort with Ballauf and Schenk was written by Züli Aladağ?
Tatort with Batic and Leitmayr,Andreas Morell,Tatort: Die chinesische Methode,Which episode of Tatort with Batic and Leitmayr was written by Andreas Morell?
Tatort with Batic and Leitmayr,Bartosz Grudziecki,Tatort: Hardcore,Which episode of Tatort with Batic and Leitmayr was written by Bartosz Grudziecki?
Tatort with Batic and Leitmayr,Christoph Stark,Tatort: Schau mich an,Which episode of Tatort with Batic and Leitmayr was written by Christoph Stark?
Tatort with Batic and Leitmayr,Daniel Wolf,Tatort: Ein ganz normaler Fall,Which episode of Tatort with Batic and Leitmayr was written by Daniel Wolf?
Tatort with Batic and Leitmayr,Daniela Mohr,Tatort: Gestern war kein Tag,Which episode of Tatort with Batic and Leitmayr was written by Daniela Mohr?
Tatort with Batic and Leitmayr,Gisela Weilemann,Tatort: Vorstadtballade,Which episode of Tatort with Batic and Leitmayr was written by Gisela Weilemann?
Tatort with Batic and Leitmayr,Hans Dräxler,Tatort: Ein Sommernachtstraum,Which episode of Tatort with Batic and Leitmayr was written by Hans Dräxler?
Tatort with Batic and Leitmayr,Ingeborg Bellmann,Tatort: Häschen in der Grube,Which episode of Tatort with Batic and Leitmayr was written by Ingeborg Bellmann?
Tatort with Batic and Leitmayr,Ingmar Gregorzewski,Tatort: Viktualienmarkt,Which episode of Tatort with Batic and Leitmayr was written by Ingmar Gregorzewski?
Tatort with Batic and Leitmayr,Johanna Thalmann,Tatort: Dreams,Which episode of Tatort with Batic and Leitmayr was written by Johanna Thalmann?
Tatort with Batic and Leitmayr,Josef Rödl,"Tatort: Schattenwelt, Tatort: Alles Palermo",Which episode of Tatort with Batic and Leitmayr was written by Josef Rödl?
Tatort with Batic and Leitmayr,Klaus Bädekerl,Tatort: Totentanz,Which episode of Tatort with Batic and Leitmayr was written by Klaus Bädekerl?
Tatort with Batic and Leitmayr,Markus Fenner,"Tatort: Tod auf der Walz, Tatort: Der Fremdwohner, Tatort: Gesang der toten Dinge",Which episode of Tatort with Batic and Leitmayr was written by Markus Fenner?
Tatort with Batic and Leitmayr,Michael Wogh,Tatort: Starkbier,Which episode of Tatort with Batic and Leitmayr was written by Michael Wogh?
Tatort with Batic and Leitmayr,Moritz Binder,Tatort: Dreams,Which episode of Tatort with Batic and Leitmayr was written by Moritz Binder?
Tatort with Batic and Leitmayr,Peter Fratzscher,Tatort: Im Visier,Which episode of Tatort with Batic and Leitmayr was written by Peter Fratzscher?
Tatort with Batic and Leitmayr,Robert Hültner,Tatort: Vorstadtballade,Which episode of Tatort with Batic and Leitmayr was written by Robert Hültner?
Tatort with Batic and Leitmayr,Sabine Bühring,Tatort: Im Visier,Which episode of Tatort with Batic and Leitmayr was written by Sabine Bühring?
Tatort with Batic and Leitmayr,Volker Maria Arend,Tatort: Die chinesische Methode,Which episode of Tatort with Batic and Leitmayr was written by Volker Maria Arend?
Tatort with Lena Odenthal,Annette Bassfeld-Schepers,"Tatort: Schatten der Angst, Tatort: Gefährliches Schweigen",Which episode of Tatort with Lena Odenthal was written by Annette Bassfeld-Schepers?
Tatort with Lena Odenthal,Dominik Reding,Tatort: Fette Krieger,Which episode of Tatort with Lena Odenthal was written by Dominik Reding?
Tatort with Lena Odenthal,Hans Gerd Müller-Welters,Tatort: Tod einer Lehrerin,Which episode of Tatort with Lena Odenthal was written by Hans Gerd Müller-Welters?
Tatort with Lena Odenthal,Isolde Sammer,Tatort: Nachtwanderer,Which episode of Tatort with Lena Odenthal was written by Isolde Sammer?
Tatort with Lena Odenthal,Josh Broecker,Tatort: Tödliche Häppchen,Which episode of Tatort with Lena Odenthal was written by Josh Broecker?
Tatort with Lena Odenthal,Jürgen Starbatty,Tatort: Die dunkle Seite,Which episode of Tatort with Lena Odenthal was written by Jürgen Starbatty?
Tatort with Lena Odenthal,Karlotta Ehrenberg,Tatort: Marlon,Which episode of Tatort with Lena Odenthal was written by Karlotta Ehrenberg?
Tatort with Lena Odenthal,Martin Pristl,"Tatort: Flashback, Tatort: Ohne Beweise",Which episode of Tatort with Lena Odenthal was written by Martin Pristl?
Tatort with Lena Odenthal,Nico Hofmann,Tatort: Tod im Häcksler,Which episode of Tatort with Lena Odenthal was written by Nico Hofmann?
Tatort with Lena Odenthal,Stephan Falk,Tatort: Kassensturz,Which episode of Tatort with Lena Odenthal was written by Stephan Falk?
Tatort with Max Ballauf,Frank Posiadly,Tatort: Schürfwunden,Which episode of Tatort with Max Ballauf was written by Frank Posiadly?
Tatort with Max Ballauf,Hannes Stöhr,Tatort: Odins Rache,Which episode of Tatort with Max Ballauf was written by Hannes Stöhr?
Tatort with Max Ballauf,Hans Werner,Tatort: Familienbande,Which episode of Tatort with Max Ballauf was written by Hans Werner?
Tatort with Max Ballauf,Peter Goslicki,Tatort: Familienbande,Which episode of Tatort with Max Ballauf was written by Peter Goslicki?
Tatort with Max Ballauf,Ralf Leuther,Tatort: Kaltes Herz,Which episode of Tatort with Max Ballauf was written by Ralf Leuther?
Tatort with Max Ballauf,Wolfgang Mühlbauer,Tatort: Gefährliche Freundschaft,Which episode of Tatort with Max Ballauf was written by Wolfgang Mühlbauer?
Tatort with Max Ballauf,Züli Aladağ,Tatort: Mutterliebe,Which episode of Tatort with Max Ballauf was written by Züli Aladağ?
Tatort with Moritz Eisner,Alrun Fichtenbauer,Tatort: Tod unter der Orgel,Which episode of Tatort with Moritz Eisner was written by Alrun Fichtenbauer?
Tatort with Moritz Eisner,Dieter Berner,Tatort: Die schlafende Schöne,Which episode of Tatort with Moritz Eisner was written by Dieter Berner?
Tatort with Moritz Eisner,Fabian Eder,Tatort: Kein Entkommen,Which episode of Tatort with Moritz Eisner was written by Fabian Eder?
Tatort with Moritz Eisner,Holger Barthel,Tatort: Der Wächter der Quelle,Which episode of Tatort with Moritz Eisner was written by Holger Barthel?
Tatort with Moritz Eisner,Ivo Schneider,Tatort: Verschwörung,Which episode of Tatort with Moritz Eisner was written by Ivo Schneider?
Tatort with Moritz Eisner,Karin Lomot,"Tatort: Alles was Recht ist, Tatort: Pumpen",Which episode of Tatort with Moritz Eisner was written by Karin Lomot?
Tatort with Moritz Eisner,Lukas Alexander,Tatort: Tödliche Tagung,Which episode of Tatort with Moritz Eisner was written by Lukas Alexander?
Tatort with Moritz Eisner,Max Gruber,"Tatort: Operation Hiob, Tatort: Deckname Kidon",Which episode of Tatort with Moritz Eisner was written by Max Gruber?
Tatort with Moritz Eisner,Michael Zickler,Tatort: Die Faust,Which episode of Tatort with Moritz Eisner was written by Michael Zickler?
Tatort with Moritz Eisner,Mike Majzen,Tatort: Die Amme,Which episode of Tatort with Moritz Eisner was written by Mike Majzen?
Tatort with Moritz Eisner,Peter Conolly-Smith,Tatort: Nie wieder Oper,Which episode of Tatort with Moritz Eisner was written by Peter Conolly-Smith?
Tatort with Moritz Eisner,Peter Moser,Tatort: Der Millenniumsmörder,Which episode of Tatort with Moritz Eisner was written by Peter Moser?
Tatort with Moritz Eisner,Robert Adrian Pejo,Tatort: Nie wieder Oper,Which episode of Tatort with Moritz Eisner was written by Robert Adrian Pejo?
Tatort with Moritz Eisner,Roland Gugganig,Tatort: Absolute Diskretion,Which episode of Tatort with Moritz Eisner was written by Roland Gugganig?
Tatort with Moritz Eisner,Rudolf John,Tatort: Absolute Diskretion,Which episode of Tatort with Moritz Eisner was written by Rudolf John?
Tatort with Moritz Eisner,Samuel R. Schultschik,"Tatort: Unten, Tatort: Dein Verlust",Which episode of Tatort with Moritz Eisner was written by Samuel R. Schultschik?
Tatort with Moritz Eisner,Thomas Christian Eichtinger,"Tatort: Unten, Tatort: Dein Verlust",Which episode of Tatort with Moritz Eisner was written by Thomas Christian Eichtinger?
Tatort with Moritz Eisner,Verena Kurth,"Tatort: Gier, Tatort: Zwischen den Fronten",Which episode of Tatort with Moritz Eisner was written by Verena Kurth?
Tatort with Moritz Eisner,Walter Bannert,Tatort: Kinderwunsch,Which episode of Tatort with Moritz Eisner was written by Walter Bannert?
Tatort with Odenthal and Kopper,Annette Bassfeld-Schepers,"Tatort: Gefährliches Schweigen, Tatort: Schatten der Angst",Which episode of Tatort with Odenthal and Kopper was written by Annette Bassfeld-Schepers?
Tatort with Odenthal and Kopper,Dominik Reding,Tatort: Fette Krieger,Which episode of Tatort with Odenthal and Kopper was written by Dominik Reding?
Tatort with Odenthal and Kopper,Hans Gerd Müller-Welters,Tatort: Tod einer Lehrerin,Which episode of Tatort with Odenthal and Kopper was written by Hans Gerd Müller-Welters?
Tatort with Odenthal and Kopper,Isolde Sammer,Tatort: Nachtwanderer,Which episode of Tatort with Odenthal and Kopper was written by Isolde Sammer?
Tatort with Odenthal and Kopper,Josh Broecker,Tatort: Tödliche Häppchen,Which episode of Tatort with Odenthal and Kopper was written by Josh Broecker?
Tatort with Odenthal and Kopper,Jürgen Starbatty,Tatort: Die dunkle Seite,Which episode of Tatort with Odenthal and Kopper was written by Jürgen Starbatty?
Tatort with Odenthal and Kopper,Martin Pristl,"Tatort: Flashback, Tatort: Ohne Beweise",Which episode of Tatort with Odenthal and Kopper was written by Martin Pristl?
Tatort with Odenthal and Kopper,Stephan Falk,Tatort: Kassensturz,Which episode of Tatort with Odenthal and Kopper was written by Stephan Falk?
The Blue Coats,Fred Neidhardt,De l'or pour les Bleus,Which episode of The Blue Coats was written by Fred Neidhardt?
The Blue Coats,Kris,Du feu sur la glace,Which episode of The Blue Coats was written by Kris?
The Williams School,,Gloria Schaffer,Which United States politician was educated at The Williams School
Thomas H. Ince,J. Frank Burke,Civilization,Which movie directed by Thomas H. Ince features J. Frank Burke?
Thomas H. Ince,William Eagle Shirt,The Invaders,Which movie directed by Thomas H. Ince features William Eagle Shirt?
Timothy Bible College,,Clayton Randall Douglas,Which United States politician was educated at Timothy Bible College
Tobruk University,,Mohamed al-Menfi,Which United States politician was educated at Tobruk University
Tom Cherones,Kari Coleman,The Smelly Car,Which movie directed by Tom Cherones features Kari Coleman?
Trey Parker,Melissa Monet,Orgazmo,Which movie directed by Trey Parker features Melissa Monet?
UT Martin Skyhawks,,Lowe Finney,Which United States politician was educated at UT Martin Skyhawks
Union Female College,,Effiegene Locke Wingo,Which United States politician was educated at Union Female College
University of California Riverside College of Humanities Arts and Social Sciences,,Mark Takano,Which United States politician was educated at University of California Riverside College of Humanities Arts and Social Sciences
University of Hawaiʻi–West Oʻahu,,Gary Hooser,Which United States politician was educated at University of Hawaiʻi–West Oʻahu
University of Illinois Police Training Institute,,Michael Benjamin Hari,Which United States politician was educated at University of Illinois Police Training Institute
University of North Carolina at Chapel Hill School of Law,,Charles Smith,Which United States politician was educated at University of North Carolina at Chapel Hill School of Law
University of Notre Dame,,Robert A. Grant,Which United States politician was educated at University of Notre Dame
University of South Carolina System,,James Butler Hare,Which United States politician was educated at University of South Carolina System
Uvalde High School,,Dolph Briscoe,Which United States politician was educated at Uvalde High School
Viggo Larsen,William Thomsen,Løvejagten,Which movie directed by Viggo Larsen features William Thomsen?
Vilonia High School,,Jimmie Lou Fisher,Which United States politician was educated at Vilonia High School
Virginia Highlands Community College,,"Charles William Carrico, Sr.",Which United States politician was educated at Virginia Highlands Community College
Wade Hampton High School,,Jim DeMint,Which United States politician was educated at Wade Hampton High School
Wael Farag,Alaa Hosny,Miss Farah,Which movie directed by Wael Farag features Alaa Hosny?
Wael Farag,Enjy Kiwan,No Activity,Which movie directed by Wael Farag features Enjy Kiwan?
Wael Farag,Hisham El Shazly,Miss Farah,Which movie directed by Wael Farag features Hisham El Shazly?
Wael Farag,Khalid Mansour,No Activity,Which movie directed by Wael Farag features Khalid Mansour?
Wael Farag,Mohamed El Amroussi,Miss Farah,Which movie directed by Wael Farag features Mohamed El Amroussi?
Wallace-Rose Hill High School,,Jason Wells,Which United States politician was educated at Wallace-Rose Hill High School
Walton High School,,Kyrsten Sinema,Which United States politician was educated at Walton High School
Ware Shoals High School,,Jeff Duncan,Which United States politician was educated at Ware Shoals High School
Waterville Senior High School,,Julius B. Levine,Which United States politician was educated at Waterville Senior High School
West Leyden High School,,Manuel Flores,Which United States politician was educated at West Leyden High School
Westside High School,,Terence Roberts,Which United States politician was educated at Westside High School
Wewahitchka High School,,Billy Joe Rish,Which United States politician was educated at Wewahitchka High School
White Hall High School,,Sonny Johnson,Which United States politician was educated at White Hall High School
William A. Seiter,Charles McHugh,Smiling Irish Eyes,Which movie directed by William A. Seiter features Charles McHugh?
William A. Seiter,Jane Hamilton,Roberta,Which movie directed by William A. Seiter features Jane Hamilton?
William A. Seiter,William H. Strauss,Smiling Irish Eyes,Which movie directed by William A. Seiter features William H. Strauss?
Willows High School,,Barbara Millicent Roberts,Which United States politician was educated at Willows High School
Windom College,,Oliver A. Anderson,Which United States politician was educated at Windom College
Wong Jing,Alan Chui,I Corrupt All Cops,Which movie directed by Wong Jing features Alan Chui?
Wong Jing,Michiko Nishiwaki,God of Gamblers,Which movie directed by Wong Jing features Michiko Nishiwaki?
Wong Jing,Wu Yijiang,Raped By Angel 4 The Rapist's Union,Which movie directed by Wong Jing features Wu Yijiang?
York County Community College,,David Dutremble,Which United States politician was educated at York County Community College
charter school,,"John Dingell, Jr.",Which United States politician was educated at charter school
