entity1,entity2,question
Joanna Kerns,Celia Rose Gooding,Which Joanna Kerns films stars Celia Rose Gooding?
Kevin Fair,Celia Rose Gooding,Which Kevin Fair films stars Celia Rose Gooding?
Carl Franklin,Celia Rose Gooding,Which Carl Franklin films stars Celia Rose Gooding?
Kyle Newacheck,Celia Rose Gooding,Which Kyle Newacheck films stars Celia Rose Gooding?
Larry Teng,Celia Rose Gooding,Which Larry Teng films stars Celia Rose Gooding?
Lawrence Trilling,Celia Rose Gooding,Which Lawrence Trilling films stars Celia Rose Gooding?
Les Landau,Celia Rose Gooding,Which Les Landau films stars Celia Rose Gooding?
Leslie Libman,Celia Rose Gooding,Which Leslie Libman films stars Celia Rose Gooding?
Linda Mendoza,Celia Rose Gooding,Which Linda Mendoza films stars Celia Rose Gooding?
Shannon Hartman,Celia Rose Gooding,Which Shannon Hartman films stars Celia Rose Gooding?
Claire Scanlon,Celia Rose Gooding,Which Claire Scanlon films stars Celia Rose Gooding?
Martha Mitchell,Celia Rose Gooding,Which Martha Mitchell films stars Celia Rose Gooding?
Armand Mastroianni,Celia Rose Gooding,Which Armand Mastroianni films stars Celia Rose Gooding?
Matt Shakman,Celia Rose Gooding,Which Matt Shakman films stars Celia Rose Gooding?
Matthew Diamond,Celia Rose Gooding,Which Matthew Diamond films stars Celia Rose Gooding?
Matthew Penn,Celia Rose Gooding,Which Matthew Penn films stars Celia Rose Gooding?
Michael Grossman,Celia Rose Gooding,Which Michael Grossman films stars Celia Rose Gooding?
Michael Katleman,Celia Rose Gooding,Which Michael Katleman films stars Celia Rose Gooding?
Michael Pressman,Celia Rose Gooding,Which Michael Pressman films stars Celia Rose Gooding?
Michael Rohl,Celia Rose Gooding,Which Michael Rohl films stars Celia Rose Gooding?
Michael Switzer,Celia Rose Gooding,Which Michael Switzer films stars Celia Rose Gooding?
Michael Uppendahl,Celia Rose Gooding,Which Michael Uppendahl films stars Celia Rose Gooding?
Michael W. Watkins,Celia Rose Gooding,Which Michael W. Watkins films stars Celia Rose Gooding?
Michael Waxman,Celia Rose Gooding,Which Michael Waxman films stars Celia Rose Gooding?
Mike Listo,Celia Rose Gooding,Which Mike Listo films stars Celia Rose Gooding?
Bill L. Norton,Celia Rose Gooding,Which Bill L. Norton films stars Celia Rose Gooding?
Tyler Perry,Celia Rose Gooding,Which Tyler Perry films stars Celia Rose Gooding?
Rob Bowman,Celia Rose Gooding,Which Rob Bowman films stars Celia Rose Gooding?
Norman Buckley,Celia Rose Gooding,Which Norman Buckley films stars Celia Rose Gooding?
Tim Matheson,Celia Rose Gooding,Which Tim Matheson films stars Celia Rose Gooding?
Tim Van Patten,Celia Rose Gooding,Which Tim Van Patten films stars Celia Rose Gooding?
Fred Olen Ray,Celia Rose Gooding,Which Fred Olen Ray films stars Celia Rose Gooding?
Timothy Busfield,Celia Rose Gooding,Which Timothy Busfield films stars Celia Rose Gooding?
Patrick Norris,Celia Rose Gooding,Which Patrick Norris films stars Celia Rose Gooding?
James Gunn,Celia Rose Gooding,Which James Gunn films stars Celia Rose Gooding?
Michael Lehmann,Celia Rose Gooding,Which Michael Lehmann films stars Celia Rose Gooding?
Peter Lauer,Celia Rose Gooding,Which Peter Lauer films stars Celia Rose Gooding?
Peter Levin,Celia Rose Gooding,Which Peter Levin films stars Celia Rose Gooding?
Peter O'Fallon,Celia Rose Gooding,Which Peter O'Fallon films stars Celia Rose Gooding?
Peter Shin,Celia Rose Gooding,Which Peter Shin films stars Celia Rose Gooding?
Phil Abraham,Celia Rose Gooding,Which Phil Abraham films stars Celia Rose Gooding?
Philip Charles MacKenzie,Celia Rose Gooding,Which Philip Charles MacKenzie films stars Celia Rose Gooding?
Paul McCrane,Celia Rose Gooding,Which Paul McCrane films stars Celia Rose Gooding?
Wayne Wang,Celia Rose Gooding,Which Wayne Wang films stars Celia Rose Gooding?
Ralph Hemecker,Celia Rose Gooding,Which Ralph Hemecker films stars Celia Rose Gooding?
Randall Einhorn,Celia Rose Gooding,Which Randall Einhorn films stars Celia Rose Gooding?
Tom McLoughlin,Celia Rose Gooding,Which Tom McLoughlin films stars Celia Rose Gooding?
Rick Jacobson,Celia Rose Gooding,Which Rick Jacobson films stars Celia Rose Gooding?
Rick Wallace,Celia Rose Gooding,Which Rick Wallace films stars Celia Rose Gooding?
Rob Schiller,Celia Rose Gooding,Which Rob Schiller films stars Celia Rose Gooding?
Robert Markowitz,Celia Rose Gooding,Which Robert Markowitz films stars Celia Rose Gooding?
Peter Markle,Celia Rose Gooding,Which Peter Markle films stars Celia Rose Gooding?
Charles Band,Celia Rose Gooding,Which Charles Band films stars Celia Rose Gooding?
Oz Scott,Celia Rose Gooding,Which Oz Scott films stars Celia Rose Gooding?
Sam Liu,Celia Rose Gooding,Which Sam Liu films stars Celia Rose Gooding?
Sam Pillsbury,Celia Rose Gooding,Which Sam Pillsbury films stars Celia Rose Gooding?
Sanford Bookstaver,Celia Rose Gooding,Which Sanford Bookstaver films stars Celia Rose Gooding?
Scott Ellis,Celia Rose Gooding,Which Scott Ellis films stars Celia Rose Gooding?
Seith Mann,Celia Rose Gooding,Which Seith Mann films stars Celia Rose Gooding?
Chris Columbus,Celia Rose Gooding,Which Chris Columbus films stars Celia Rose Gooding?
Stephen Cragg,Celia Rose Gooding,Which Stephen Cragg films stars Celia Rose Gooding?
Steve Robin,Celia Rose Gooding,Which Steve Robin films stars Celia Rose Gooding?
Steve Zuckerman,Celia Rose Gooding,Which Steve Zuckerman films stars Celia Rose Gooding?
Steven R. Monroe,Celia Rose Gooding,Which Steven R. Monroe films stars Celia Rose Gooding?
David Livingston,Celia Rose Gooding,Which David Livingston films stars Celia Rose Gooding?
James A. Contner,Celia Rose Gooding,Which James A. Contner films stars Celia Rose Gooding?
Isaac Florentine,Celia Rose Gooding,Which Isaac Florentine films stars Celia Rose Gooding?
Tawnia McKiernan,Celia Rose Gooding,Which Tawnia McKiernan films stars Celia Rose Gooding?
Tim Andrew,Celia Rose Gooding,Which Tim Andrew films stars Celia Rose Gooding?
Vincent Misiano,Celia Rose Gooding,Which Vincent Misiano films stars Celia Rose Gooding?
Yana Gorskaya,Celia Rose Gooding,Which Yana Gorskaya films stars Celia Rose Gooding?
Zeb Wells,Celia Rose Gooding,Which Zeb Wells films stars Celia Rose Gooding?
Steven Spielberg,Celia Rose Gooding,Which Steven Spielberg films stars Celia Rose Gooding?
David Silverman,Celia Rose Gooding,Which David Silverman films stars Celia Rose Gooding?
Chuck Sheetz,Celia Rose Gooding,Which Chuck Sheetz films stars Celia Rose Gooding?
John Whitesell,Celia Rose Gooding,Which John Whitesell films stars Celia Rose Gooding?
Gregory Dark,Celia Rose Gooding,Which Gregory Dark films stars Celia Rose Gooding?
John Carpenter,Celia Rose Gooding,Which John Carpenter films stars Celia Rose Gooding?
Paris Barclay,Celia Rose Gooding,Which Paris Barclay films stars Celia Rose Gooding?
Michael Lembeck,Celia Rose Gooding,Which Michael Lembeck films stars Celia Rose Gooding?
Jay Chandrasekhar,Celia Rose Gooding,Which Jay Chandrasekhar films stars Celia Rose Gooding?
Adam Paloian,Celia Rose Gooding,Which Adam Paloian films stars Celia Rose Gooding?
Ron Howard,Kevin Clash,Which Ron Howard films stars Kevin Clash?
Steven Soderbergh,Kevin Clash,Which Steven Soderbergh films stars Kevin Clash?
Bille Woodruff,Kevin Clash,Which Bille Woodruff films stars Kevin Clash?
Todd Holland,Kevin Clash,Which Todd Holland films stars Kevin Clash?
Steve Miner,Kevin Clash,Which Steve Miner films stars Kevin Clash?
Christine Moore,Kevin Clash,Which Christine Moore films stars Kevin Clash?
Albert Calleros,Kevin Clash,Which Albert Calleros films stars Kevin Clash?
Anthony Lioi,Kevin Clash,Which Anthony Lioi films stars Kevin Clash?
David DeCoteau,Kevin Clash,Which David DeCoteau films stars Kevin Clash?
Craig R. Baxley,Kevin Clash,Which Craig R. Baxley films stars Kevin Clash?
Howard Deutch,Kevin Clash,Which Howard Deutch films stars Kevin Clash?
Greg Colton,Kevin Clash,Which Greg Colton films stars Kevin Clash?
Richard Rich,Kevin Clash,Which Richard Rich films stars Kevin Clash?
Daisy von Scherler Mayer,Kevin Clash,Which Daisy von Scherler Mayer films stars Kevin Clash?
Michelle Bryan,Kevin Clash,Which Michelle Bryan films stars Kevin Clash?
Jerry Jameson,Kevin Clash,Which Jerry Jameson films stars Kevin Clash?
Steve Boyum,Kevin Clash,Which Steve Boyum films stars Kevin Clash?
Ken Olin,Kevin Clash,Which Ken Olin films stars Kevin Clash?
Dwight H. Little,Kevin Clash,Which Dwight H. Little films stars Kevin Clash?
Mario Van Peebles,Kevin Clash,Which Mario Van Peebles films stars Kevin Clash?
Charles Haid,Kevin Clash,Which Charles Haid films stars Kevin Clash?
David Nutter,Kevin Clash,Which David Nutter films stars Kevin Clash?
Richard Michaels,Kevin Clash,Which Richard Michaels films stars Kevin Clash?
Ron Underwood,Kevin Clash,Which Ron Underwood films stars Kevin Clash?
Roy Burdine,Kevin Clash,Which Roy Burdine films stars Kevin Clash?
Alan Rudolph,Kevin Clash,Which Alan Rudolph films stars Kevin Clash?
Eric Laneuville,Kevin Clash,Which Eric Laneuville films stars Kevin Clash?
Ernest Dickerson,Kevin Clash,Which Ernest Dickerson films stars Kevin Clash?
Roger Kumble,Kevin Clash,Which Roger Kumble films stars Kevin Clash?
Mike White,Kevin Clash,Which Mike White films stars Kevin Clash?
Joe Chappelle,Kevin Clash,Which Joe Chappelle films stars Kevin Clash?
Gerren Keith,Kevin Clash,Which Gerren Keith films stars Kevin Clash?
Richard Shepard,Kevin Clash,Which Richard Shepard films stars Kevin Clash?
Jim Wynorski,Kevin Clash,Which Jim Wynorski films stars Kevin Clash?
Rob Oliver,Kevin Clash,Which Rob Oliver films stars Kevin Clash?
Louis C.K.,Kevin Clash,Which Louis C.K. films stars Kevin Clash?
Mark L. Lester,Kevin Clash,Which Mark L. Lester films stars Kevin Clash?
Joel Zwick,Kevin Clash,Which Joel Zwick films stars Kevin Clash?
Zetna Fuentes,Kevin Clash,Which Zetna Fuentes films stars Kevin Clash?
Larry Leichliter,Kevin Clash,Which Larry Leichliter films stars Kevin Clash?
Jace Alexander,Kevin Clash,Which Jace Alexander films stars Kevin Clash?
Jake Kasdan,Kevin Clash,Which Jake Kasdan films stars Kevin Clash?
Jesse Warn,Kevin Clash,Which Jesse Warn films stars Kevin Clash?
Jim Reardon,Kevin Clash,Which Jim Reardon films stars Kevin Clash?
Tucker Gates,Kevin Clash,Which Tucker Gates films stars Kevin Clash?
Jody Hill,Kevin Clash,Which Jody Hill films stars Kevin Clash?
John Dahl,Kevin Clash,Which John Dahl films stars Kevin Clash?
John Putch,Kevin Clash,Which John Putch films stars Kevin Clash?
Silver Tree,Kevin Clash,Which Silver Tree films stars Kevin Clash?
Michael Schultz,Kevin Clash,Which Michael Schultz films stars Kevin Clash?
Ken Kwapis,Kevin Clash,Which Ken Kwapis films stars Kevin Clash?
Pete Michels,Kevin Clash,Which Pete Michels films stars Kevin Clash?
Glen Winter,Kevin Clash,Which Glen Winter films stars Kevin Clash?
Oliver Stone,Kevin Clash,Which Oliver Stone films stars Kevin Clash?
Anthony Russo,Kevin Clash,Which Anthony Russo films stars Kevin Clash?
Lew Schneider,Kevin Clash,Which Lew Schneider films stars Kevin Clash?
Lloyd Kaufman,Kevin Clash,Which Lloyd Kaufman films stars Kevin Clash?
Dermott Downs,Kevin Clash,Which Dermott Downs films stars Kevin Clash?
David Fincher,Kevin Clash,Which David Fincher films stars Kevin Clash?
Noel Nosseck,Kevin Clash,Which Noel Nosseck films stars Kevin Clash?
Michael Feifer,Kevin Clash,Which Michael Feifer films stars Kevin Clash?
Hanelle Culpepper,Kevin Clash,Which Hanelle Culpepper films stars Kevin Clash?
Robert Zemeckis,Kevin Clash,Which Robert Zemeckis films stars Kevin Clash?
Bradley Buecker,Kevin Clash,Which Bradley Buecker films stars Kevin Clash?
Brian De Palma,Kevin Clash,Which Brian De Palma films stars Kevin Clash?
Peter DeLuise,Kevin Clash,Which Peter DeLuise films stars Kevin Clash?
Mike Flanagan,Kevin Clash,Which Mike Flanagan films stars Kevin Clash?
Paul Weitz,Kevin Clash,Which Paul Weitz films stars Kevin Clash?
Nelson McCormick,Kevin Clash,Which Nelson McCormick films stars Kevin Clash?
Ken Whittingham,Kevin Clash,Which Ken Whittingham films stars Kevin Clash?
Will Ryder,Kevin Clash,Which Will Ryder films stars Kevin Clash?
Jared Cohn,Kevin Clash,Which Jared Cohn films stars Kevin Clash?
Tim Story,Kevin Clash,Which Tim Story films stars Kevin Clash?
Paul Feig,Kevin Clash,Which Paul Feig films stars Kevin Clash?
Roger Young,Kevin Clash,Which Roger Young films stars Kevin Clash?
Mike Vejar,Kevin Clash,Which Mike Vejar films stars Kevin Clash?
Joe Russo,Kevin Clash,Which Joe Russo films stars Kevin Clash?
Chris McKay,Kevin Clash,Which Chris McKay films stars Kevin Clash?
Elodie Keene,Kevin Clash,Which Elodie Keene films stars Kevin Clash?
Timothy Bailey,Kevin Clash,Which Timothy Bailey films stars Kevin Clash?
Wes Anderson,Kevin Clash,Which Wes Anderson films stars Kevin Clash?
Steve Hoefer,Kevin Clash,Which Steve Hoefer films stars Kevin Clash?
Rich Correll,Kevin Clash,Which Rich Correll films stars Kevin Clash?
David Trainer,Kevin Clash,Which David Trainer films stars Kevin Clash?
Richard Dobbs,Kevin Clash,Which Richard Dobbs films stars Kevin Clash?
David Gordon Green,Kevin Clash,Which David Gordon Green films stars Kevin Clash?
Lea Thompson,Kevin Clash,Which Lea Thompson films stars Kevin Clash?
Larry Peerce,Kevin Clash,Which Larry Peerce films stars Kevin Clash?
Greg Beeman,Kevin Clash,Which Greg Beeman films stars Kevin Clash?
Wendey Stanzler,Kevin Clash,Which Wendey Stanzler films stars Kevin Clash?
Andrew D. Weyman,Kevin Clash,Which Andrew D. Weyman films stars Kevin Clash?
Kevin Hooks,Kevin Clash,Which Kevin Hooks films stars Kevin Clash?
Joe Vaux,Kevin Clash,Which Joe Vaux films stars Kevin Clash?
Kevin Tancharoen,Kevin Clash,Which Kevin Tancharoen films stars Kevin Clash?
Rich Moore,Kevin Clash,Which Rich Moore films stars Kevin Clash?
David Straiton,Kevin Clash,Which David Straiton films stars Kevin Clash?
Woody Allen,Kevin Clash,Which Woody Allen films stars Kevin Clash?
Mark Cendrowski,Kevin Clash,Which Mark Cendrowski films stars Kevin Clash?
Dan Attias,Kevin Clash,Which Dan Attias films stars Kevin Clash?
Roxann Dawson,Kevin Clash,Which Roxann Dawson films stars Kevin Clash?
Dave Filoni,Kevin Clash,Which Dave Filoni films stars Kevin Clash?
Nicholas Stoller,Kevin Clash,Which Nicholas Stoller films stars Kevin Clash?
Tamra Davis,Kevin Clash,Which Tamra Davis films stars Kevin Clash?
Abel Ferrara,Kevin Clash,Which Abel Ferrara films stars Kevin Clash?
Callie Khouri,Kevin Clash,Which Callie Khouri films stars Kevin Clash?
Melanie Mayron,Kevin Clash,Which Melanie Mayron films stars Kevin Clash?
Mimi Leder,Kevin Clash,Which Mimi Leder films stars Kevin Clash?
Christopher Storer,Kevin Clash,Which Christopher Storer films stars Kevin Clash?
John Lasseter,Kevin Clash,Which John Lasseter films stars Kevin Clash?
Barry Levinson,Kevin Clash,Which Barry Levinson films stars Kevin Clash?
Martha Coolidge,Kevin Clash,Which Martha Coolidge films stars Kevin Clash?
Jennifer Lynch,Kevin Clash,Which Jennifer Lynch films stars Kevin Clash?
Pamela Adlon,Kevin Clash,Which Pamela Adlon films stars Kevin Clash?
Mary Lambert,Kevin Clash,Which Mary Lambert films stars Kevin Clash?
Greg Yaitanes,Kevin Clash,Which Greg Yaitanes films stars Kevin Clash?
Mike B. Anderson,Kevin Clash,Which Mike B. Anderson films stars Kevin Clash?
Don Scardino,Kevin Clash,Which Don Scardino films stars Kevin Clash?
Mark Kirkland,Kevin Clash,Which Mark Kirkland films stars Kevin Clash?
Roy Burdine,David Ramsey,Which Roy Burdine films stars David Ramsey?
David Trainer,David Ramsey,Which David Trainer films stars David Ramsey?
Dennis Smith,David Ramsey,Which Dennis Smith films stars David Ramsey?
James Whitmore Jr.,David Ramsey,Which James Whitmore Jr. films stars David Ramsey?
Dave Willis,David Ramsey,Which Dave Willis films stars David Ramsey?
Matt Maiellaro,David Ramsey,Which Matt Maiellaro films stars David Ramsey?
Vincent Waller,David Ramsey,Which Vincent Waller films stars David Ramsey?
Trey Parker,David Ramsey,Which Trey Parker films stars David Ramsey?
Fred Olen Ray,David Ramsey,Which Fred Olen Ray films stars David Ramsey?
Michael Lembeck,David Ramsey,Which Michael Lembeck films stars David Ramsey?
Roy Burdine,Lisa Kudrow,Which Roy Burdine films stars Lisa Kudrow?
David Trainer,Lisa Kudrow,Which David Trainer films stars Lisa Kudrow?
Dennis Smith,Lisa Kudrow,Which Dennis Smith films stars Lisa Kudrow?
James Whitmore Jr.,Lisa Kudrow,Which James Whitmore Jr. films stars Lisa Kudrow?
Dave Willis,Lisa Kudrow,Which Dave Willis films stars Lisa Kudrow?
Matt Maiellaro,Lisa Kudrow,Which Matt Maiellaro films stars Lisa Kudrow?
Vincent Waller,Lisa Kudrow,Which Vincent Waller films stars Lisa Kudrow?
Trey Parker,Lisa Kudrow,Which Trey Parker films stars Lisa Kudrow?
Fred Olen Ray,Lisa Kudrow,Which Fred Olen Ray films stars Lisa Kudrow?
Roy Burdine,Matt LeBlanc,Which Roy Burdine films stars Matt LeBlanc?
David Trainer,Matt LeBlanc,Which David Trainer films stars Matt LeBlanc?
Dennis Smith,Matt LeBlanc,Which Dennis Smith films stars Matt LeBlanc?
James Whitmore Jr.,Matt LeBlanc,Which James Whitmore Jr. films stars Matt LeBlanc?
Dave Willis,Matt LeBlanc,Which Dave Willis films stars Matt LeBlanc?
Matt Maiellaro,Matt LeBlanc,Which Matt Maiellaro films stars Matt LeBlanc?
Vincent Waller,Matt LeBlanc,Which Vincent Waller films stars Matt LeBlanc?
Trey Parker,Matt LeBlanc,Which Trey Parker films stars Matt LeBlanc?
Fred Olen Ray,Matt LeBlanc,Which Fred Olen Ray films stars Matt LeBlanc?
Roy Burdine,David Schwimmer,Which Roy Burdine films stars David Schwimmer?
David Trainer,David Schwimmer,Which David Trainer films stars David Schwimmer?
Dennis Smith,David Schwimmer,Which Dennis Smith films stars David Schwimmer?
James Whitmore Jr.,David Schwimmer,Which James Whitmore Jr. films stars David Schwimmer?
Dave Willis,David Schwimmer,Which Dave Willis films stars David Schwimmer?
Matt Maiellaro,David Schwimmer,Which Matt Maiellaro films stars David Schwimmer?
Vincent Waller,David Schwimmer,Which Vincent Waller films stars David Schwimmer?
Trey Parker,David Schwimmer,Which Trey Parker films stars David Schwimmer?
Fred Olen Ray,David Schwimmer,Which Fred Olen Ray films stars David Schwimmer?
Roy Burdine,Eric Roberts,Which Roy Burdine films stars Eric Roberts?
David Trainer,Eric Roberts,Which David Trainer films stars Eric Roberts?
Dennis Smith,Eric Roberts,Which Dennis Smith films stars Eric Roberts?
James Whitmore Jr.,Eric Roberts,Which James Whitmore Jr. films stars Eric Roberts?
Dave Willis,Eric Roberts,Which Dave Willis films stars Eric Roberts?
Matt Maiellaro,Eric Roberts,Which Matt Maiellaro films stars Eric Roberts?
Vincent Waller,Eric Roberts,Which Vincent Waller films stars Eric Roberts?
Trey Parker,Eric Roberts,Which Trey Parker films stars Eric Roberts?
Fred Olen Ray,Eric Roberts,Which Fred Olen Ray films stars Eric Roberts?
Michael Lembeck,Eric Roberts,Which Michael Lembeck films stars Eric Roberts?
Roy Burdine,Kate Mulgrew,Which Roy Burdine films stars Kate Mulgrew?
David Trainer,Kate Mulgrew,Which David Trainer films stars Kate Mulgrew?
Dennis Smith,Kate Mulgrew,Which Dennis Smith films stars Kate Mulgrew?
James Whitmore Jr.,Kate Mulgrew,Which James Whitmore Jr. films stars Kate Mulgrew?
Dave Willis,Kate Mulgrew,Which Dave Willis films stars Kate Mulgrew?
Matt Maiellaro,Kate Mulgrew,Which Matt Maiellaro films stars Kate Mulgrew?
Vincent Waller,Kate Mulgrew,Which Vincent Waller films stars Kate Mulgrew?
Trey Parker,Kate Mulgrew,Which Trey Parker films stars Kate Mulgrew?
Fred Olen Ray,Kate Mulgrew,Which Fred Olen Ray films stars Kate Mulgrew?
Michael Lembeck,Kate Mulgrew,Which Michael Lembeck films stars Kate Mulgrew?
Roy Burdine,Nana Visitor,Which Roy Burdine films stars Nana Visitor?
David Trainer,Nana Visitor,Which David Trainer films stars Nana Visitor?
Dennis Smith,Nana Visitor,Which Dennis Smith films stars Nana Visitor?
James Whitmore Jr.,Nana Visitor,Which James Whitmore Jr. films stars Nana Visitor?
Dave Willis,Nana Visitor,Which Dave Willis films stars Nana Visitor?
Matt Maiellaro,Nana Visitor,Which Matt Maiellaro films stars Nana Visitor?
Vincent Waller,Nana Visitor,Which Vincent Waller films stars Nana Visitor?
Trey Parker,Nana Visitor,Which Trey Parker films stars Nana Visitor?
Fred Olen Ray,Nana Visitor,Which Fred Olen Ray films stars Nana Visitor?
Michael Lembeck,Nana Visitor,Which Michael Lembeck films stars Nana Visitor?
Roy Burdine,Marina Sirtis,Which Roy Burdine films stars Marina Sirtis?
David Trainer,Marina Sirtis,Which David Trainer films stars Marina Sirtis?
Dennis Smith,Marina Sirtis,Which Dennis Smith films stars Marina Sirtis?
James Whitmore Jr.,Marina Sirtis,Which James Whitmore Jr. films stars Marina Sirtis?
Dave Willis,Marina Sirtis,Which Dave Willis films stars Marina Sirtis?
Matt Maiellaro,Marina Sirtis,Which Matt Maiellaro films stars Marina Sirtis?
Vincent Waller,Marina Sirtis,Which Vincent Waller films stars Marina Sirtis?
Trey Parker,Marina Sirtis,Which Trey Parker films stars Marina Sirtis?
Fred Olen Ray,Marina Sirtis,Which Fred Olen Ray films stars Marina Sirtis?
Michael Lembeck,Marina Sirtis,Which Michael Lembeck films stars Marina Sirtis?
Roy Burdine,Gates McFadden,Which Roy Burdine films stars Gates McFadden?
David Trainer,Gates McFadden,Which David Trainer films stars Gates McFadden?
Dennis Smith,Gates McFadden,Which Dennis Smith films stars Gates McFadden?
James Whitmore Jr.,Gates McFadden,Which James Whitmore Jr. films stars Gates McFadden?
Dave Willis,Gates McFadden,Which Dave Willis films stars Gates McFadden?
Matt Maiellaro,Gates McFadden,Which Matt Maiellaro films stars Gates McFadden?
Vincent Waller,Gates McFadden,Which Vincent Waller films stars Gates McFadden?
Trey Parker,Gates McFadden,Which Trey Parker films stars Gates McFadden?
Fred Olen Ray,Gates McFadden,Which Fred Olen Ray films stars Gates McFadden?
Michael Lembeck,Gates McFadden,Which Michael Lembeck films stars Gates McFadden?
Roy Burdine,Roxann Dawson,Which Roy Burdine films stars Roxann Dawson?
David Trainer,Roxann Dawson,Which David Trainer films stars Roxann Dawson?
Dennis Smith,Roxann Dawson,Which Dennis Smith films stars Roxann Dawson?
James Whitmore Jr.,Roxann Dawson,Which James Whitmore Jr. films stars Roxann Dawson?
Dave Willis,Roxann Dawson,Which Dave Willis films stars Roxann Dawson?
Matt Maiellaro,Roxann Dawson,Which Matt Maiellaro films stars Roxann Dawson?
Vincent Waller,Roxann Dawson,Which Vincent Waller films stars Roxann Dawson?
Trey Parker,Roxann Dawson,Which Trey Parker films stars Roxann Dawson?
Fred Olen Ray,Roxann Dawson,Which Fred Olen Ray films stars Roxann Dawson?
Michael Lembeck,Roxann Dawson,Which Michael Lembeck films stars Roxann Dawson?
Roy Burdine,Brent Spiner,Which Roy Burdine films stars Brent Spiner?
David Trainer,Brent Spiner,Which David Trainer films stars Brent Spiner?
Dennis Smith,Brent Spiner,Which Dennis Smith films stars Brent Spiner?
James Whitmore Jr.,Brent Spiner,Which James Whitmore Jr. films stars Brent Spiner?
Dave Willis,Brent Spiner,Which Dave Willis films stars Brent Spiner?
Matt Maiellaro,Brent Spiner,Which Matt Maiellaro films stars Brent Spiner?
Vincent Waller,Brent Spiner,Which Vincent Waller films stars Brent Spiner?
Trey Parker,Brent Spiner,Which Trey Parker films stars Brent Spiner?
Fred Olen Ray,Brent Spiner,Which Fred Olen Ray films stars Brent Spiner?
Michael Lembeck,Brent Spiner,Which Michael Lembeck films stars Brent Spiner?
Roy Burdine,LeVar Burton,Which Roy Burdine films stars LeVar Burton?
David Trainer,LeVar Burton,Which David Trainer films stars LeVar Burton?
Dennis Smith,LeVar Burton,Which Dennis Smith films stars LeVar Burton?
James Whitmore Jr.,LeVar Burton,Which James Whitmore Jr. films stars LeVar Burton?
Dave Willis,LeVar Burton,Which Dave Willis films stars LeVar Burton?
Matt Maiellaro,LeVar Burton,Which Matt Maiellaro films stars LeVar Burton?
Vincent Waller,LeVar Burton,Which Vincent Waller films stars LeVar Burton?
Trey Parker,LeVar Burton,Which Trey Parker films stars LeVar Burton?
Fred Olen Ray,LeVar Burton,Which Fred Olen Ray films stars LeVar Burton?
Michael Lembeck,LeVar Burton,Which Michael Lembeck films stars LeVar Burton?
Roy Burdine,Robert Picardo,Which Roy Burdine films stars Robert Picardo?
David Trainer,Robert Picardo,Which David Trainer films stars Robert Picardo?
Dennis Smith,Robert Picardo,Which Dennis Smith films stars Robert Picardo?
James Whitmore Jr.,Robert Picardo,Which James Whitmore Jr. films stars Robert Picardo?
Dave Willis,Robert Picardo,Which Dave Willis films stars Robert Picardo?
Matt Maiellaro,Robert Picardo,Which Matt Maiellaro films stars Robert Picardo?
Vincent Waller,Robert Picardo,Which Vincent Waller films stars Robert Picardo?
Trey Parker,Robert Picardo,Which Trey Parker films stars Robert Picardo?
Fred Olen Ray,Robert Picardo,Which Fred Olen Ray films stars Robert Picardo?
Michael Lembeck,Robert Picardo,Which Michael Lembeck films stars Robert Picardo?
Roy Burdine,Michael Dorn,Which Roy Burdine films stars Michael Dorn?
David Trainer,Michael Dorn,Which David Trainer films stars Michael Dorn?
Dennis Smith,Michael Dorn,Which Dennis Smith films stars Michael Dorn?
James Whitmore Jr.,Michael Dorn,Which James Whitmore Jr. films stars Michael Dorn?
Dave Willis,Michael Dorn,Which Dave Willis films stars Michael Dorn?
Matt Maiellaro,Michael Dorn,Which Matt Maiellaro films stars Michael Dorn?
Vincent Waller,Michael Dorn,Which Vincent Waller films stars Michael Dorn?
Trey Parker,Michael Dorn,Which Trey Parker films stars Michael Dorn?
Roy Burdine,Jennifer Aniston,Which Roy Burdine films stars Jennifer Aniston?
David Trainer,Jennifer Aniston,Which David Trainer films stars Jennifer Aniston?
Dennis Smith,Jennifer Aniston,Which Dennis Smith films stars Jennifer Aniston?
Dave Willis,Jennifer Aniston,Which Dave Willis films stars Jennifer Aniston?
Matt Maiellaro,Jennifer Aniston,Which Matt Maiellaro films stars Jennifer Aniston?
Vincent Waller,Jennifer Aniston,Which Vincent Waller films stars Jennifer Aniston?
Trey Parker,Jennifer Aniston,Which Trey Parker films stars Jennifer Aniston?
Fred Olen Ray,Jennifer Aniston,Which Fred Olen Ray films stars Jennifer Aniston?
Roy Burdine,Jonathan Frakes,Which Roy Burdine films stars Jonathan Frakes?
David Trainer,Jonathan Frakes,Which David Trainer films stars Jonathan Frakes?
Dennis Smith,Jonathan Frakes,Which Dennis Smith films stars Jonathan Frakes?
James Whitmore Jr.,Jonathan Frakes,Which James Whitmore Jr. films stars Jonathan Frakes?
Dave Willis,Jonathan Frakes,Which Dave Willis films stars Jonathan Frakes?
Matt Maiellaro,Jonathan Frakes,Which Matt Maiellaro films stars Jonathan Frakes?
Vincent Waller,Jonathan Frakes,Which Vincent Waller films stars Jonathan Frakes?
Trey Parker,Jonathan Frakes,Which Trey Parker films stars Jonathan Frakes?
Fred Olen Ray,Jonathan Frakes,Which Fred Olen Ray films stars Jonathan Frakes?
Michael Lembeck,Jonathan Frakes,Which Michael Lembeck films stars Jonathan Frakes?
Roy Burdine,Avery Brooks,Which Roy Burdine films stars Avery Brooks?
David Trainer,Avery Brooks,Which David Trainer films stars Avery Brooks?
Dennis Smith,Avery Brooks,Which Dennis Smith films stars Avery Brooks?
James Whitmore Jr.,Avery Brooks,Which James Whitmore Jr. films stars Avery Brooks?
Dave Willis,Avery Brooks,Which Dave Willis films stars Avery Brooks?
Matt Maiellaro,Avery Brooks,Which Matt Maiellaro films stars Avery Brooks?
Vincent Waller,Avery Brooks,Which Vincent Waller films stars Avery Brooks?
Trey Parker,Avery Brooks,Which Trey Parker films stars Avery Brooks?
Fred Olen Ray,Avery Brooks,Which Fred Olen Ray films stars Avery Brooks?
Michael Lembeck,Avery Brooks,Which Michael Lembeck films stars Avery Brooks?
Roy Burdine,Robert Beltran,Which Roy Burdine films stars Robert Beltran?
David Trainer,Robert Beltran,Which David Trainer films stars Robert Beltran?
Dennis Smith,Robert Beltran,Which Dennis Smith films stars Robert Beltran?
James Whitmore Jr.,Robert Beltran,Which James Whitmore Jr. films stars Robert Beltran?
Dave Willis,Robert Beltran,Which Dave Willis films stars Robert Beltran?
Matt Maiellaro,Robert Beltran,Which Matt Maiellaro films stars Robert Beltran?
Vincent Waller,Robert Beltran,Which Vincent Waller films stars Robert Beltran?
Trey Parker,Robert Beltran,Which Trey Parker films stars Robert Beltran?
Fred Olen Ray,Robert Beltran,Which Fred Olen Ray films stars Robert Beltran?
Michael Lembeck,Robert Beltran,Which Michael Lembeck films stars Robert Beltran?
Roy Burdine,Ethan Phillips,Which Roy Burdine films stars Ethan Phillips?
David Trainer,Ethan Phillips,Which David Trainer films stars Ethan Phillips?
Dennis Smith,Ethan Phillips,Which Dennis Smith films stars Ethan Phillips?
Dave Willis,Ethan Phillips,Which Dave Willis films stars Ethan Phillips?
Matt Maiellaro,Ethan Phillips,Which Matt Maiellaro films stars Ethan Phillips?
Vincent Waller,Ethan Phillips,Which Vincent Waller films stars Ethan Phillips?
Trey Parker,Ethan Phillips,Which Trey Parker films stars Ethan Phillips?
Fred Olen Ray,Ethan Phillips,Which Fred Olen Ray films stars Ethan Phillips?
Michael Lembeck,Ethan Phillips,Which Michael Lembeck films stars Ethan Phillips?
Roy Burdine,Tim Russ,Which Roy Burdine films stars Tim Russ?
David Trainer,Tim Russ,Which David Trainer films stars Tim Russ?
Dennis Smith,Tim Russ,Which Dennis Smith films stars Tim Russ?
James Whitmore Jr.,Tim Russ,Which James Whitmore Jr. films stars Tim Russ?
Dave Willis,Tim Russ,Which Dave Willis films stars Tim Russ?
Matt Maiellaro,Tim Russ,Which Matt Maiellaro films stars Tim Russ?
Vincent Waller,Tim Russ,Which Vincent Waller films stars Tim Russ?
Trey Parker,Tim Russ,Which Trey Parker films stars Tim Russ?
Fred Olen Ray,Tim Russ,Which Fred Olen Ray films stars Tim Russ?
Michael Lembeck,Tim Russ,Which Michael Lembeck films stars Tim Russ?
Roy Burdine,Robert Duncan McNeill,Which Roy Burdine films stars Robert Duncan McNeill?
David Trainer,Robert Duncan McNeill,Which David Trainer films stars Robert Duncan McNeill?
Dennis Smith,Robert Duncan McNeill,Which Dennis Smith films stars Robert Duncan McNeill?
James Whitmore Jr.,Robert Duncan McNeill,Which James Whitmore Jr. films stars Robert Duncan McNeill?
Dave Willis,Robert Duncan McNeill,Which Dave Willis films stars Robert Duncan McNeill?
Matt Maiellaro,Robert Duncan McNeill,Which Matt Maiellaro films stars Robert Duncan McNeill?
Vincent Waller,Robert Duncan McNeill,Which Vincent Waller films stars Robert Duncan McNeill?
Trey Parker,Robert Duncan McNeill,Which Trey Parker films stars Robert Duncan McNeill?
Fred Olen Ray,Robert Duncan McNeill,Which Fred Olen Ray films stars Robert Duncan McNeill?
Michael Lembeck,Robert Duncan McNeill,Which Michael Lembeck films stars Robert Duncan McNeill?
Roy Burdine,Garrett Wang,Which Roy Burdine films stars Garrett Wang?
David Trainer,Garrett Wang,Which David Trainer films stars Garrett Wang?
Dennis Smith,Garrett Wang,Which Dennis Smith films stars Garrett Wang?
James Whitmore Jr.,Garrett Wang,Which James Whitmore Jr. films stars Garrett Wang?
Dave Willis,Garrett Wang,Which Dave Willis films stars Garrett Wang?
Matt Maiellaro,Garrett Wang,Which Matt Maiellaro films stars Garrett Wang?
Vincent Waller,Garrett Wang,Which Vincent Waller films stars Garrett Wang?
Trey Parker,Garrett Wang,Which Trey Parker films stars Garrett Wang?
Fred Olen Ray,Garrett Wang,Which Fred Olen Ray films stars Garrett Wang?
Michael Lembeck,Garrett Wang,Which Michael Lembeck films stars Garrett Wang?
Roy Burdine,Courteney Cox,Which Roy Burdine films stars Courteney Cox?
David Trainer,Courteney Cox,Which David Trainer films stars Courteney Cox?
Dennis Smith,Courteney Cox,Which Dennis Smith films stars Courteney Cox?
James Whitmore Jr.,Courteney Cox,Which James Whitmore Jr. films stars Courteney Cox?
Dave Willis,Courteney Cox,Which Dave Willis films stars Courteney Cox?
Matt Maiellaro,Courteney Cox,Which Matt Maiellaro films stars Courteney Cox?
Vincent Waller,Courteney Cox,Which Vincent Waller films stars Courteney Cox?
Trey Parker,Courteney Cox,Which Trey Parker films stars Courteney Cox?
Fred Olen Ray,Courteney Cox,Which Fred Olen Ray films stars Courteney Cox?
